hour,t(sec),Irradiance,PanelkW,P_TFactor,Efficiency,Vreg,"Vavg (DRC)",volt-var,volt-watt,DRC,VV_DRC,watt-pf,watt-var,kW_out_desired,"Grid voltage",di/dt,it,"it History","Rated VDC","Avg duty cycle","Target (Amps)","Series L","Max. Amps (phase)"
10, 0.00100, 1, 594.778, 1, 1, 9999, 9999, 9999, 9999, 9999, 9999, 9999, 9999, 594.778, 286.052, -2745.35, 934.29, 935.663, 700, 0.599505, 693.089, 0.000381972, 715.406
10, 0.00200, 1, 594.778, 1, 1, 9999, 9999, 9999, 9999, 9999, 9999, 9999, 9999, 594.778, 286.078, -5571.08, 930.132, 932.917, 700, 0.597173, 693.024, 0.000381972, 715.406
10, 0.00300, 1, 594.778, 1, 1, 9999, 9999, 9999, 9999, 9999, 9999, 9999, 9999, 594.778, 286.097, -7392.66, 923.65, 927.346, 700, 0.594801, 692.978, 0.000381972, 715.406
10, 0.00400, 1, 594.778, 1, 1, 9999, 9999, 9999, 9999, 9999, 9999, 9999, 9999, 594.778, 286.178, -8685.82, 915.611, 919.954, 700, 0.592501, 692.783, 0.000381972, 715.406
10, 0.00500, 1, 594.778, 1, 1, 9999, 9999, 9999, 9999, 9999, 9999, 9999, 9999, 594.778, 286.272, -9497.2, 906.519, 911.268, 700, 0.59029, 692.556, 0.000381972, 715.406
10, 0.00600, 1, 594.778, 1, 1, 9999, 9999, 9999, 9999, 9999, 9999, 9999, 9999, 594.778, 286.373, -9951.64, 896.795, 901.771, 700, 0.588175, 692.31, 0.000381972, 715.406
10, 0.00700, 1, 594.778, 1, 1, 9999, 9999, 9999, 9999, 9999, 9999, 9999, 9999, 594.778, 286.479, -10139.7, 886.749, 891.819, 700, 0.586161, 692.055, 0.000381972, 715.406
10, 0.00800, 1, 594.778, 1, 1, 9999, 9999, 9999, 9999, 9999, 9999, 9999, 9999, 594.778, 286.586, -10131.3, 876.614, 881.679, 700, 0.58425, 691.796, 0.000381972, 715.406
10, 0.00900, 1, 594.778, 1, 1, 9999, 9999, 9999, 9999, 9999, 9999, 9999, 9999, 594.778, 286.692, -9980.48, 866.558, 871.548, 700, 0.58244, 691.54, 0.000381972, 715.406
10, 0.01000, 1, 594.778, 1, 1, 9999, 9999, 9999, 9999, 9999, 9999, 9999, 9999, 594.778, 286.796, -9728.41, 856.703, 861.567, 700, 0.58073, 691.289, 0.000381972, 715.406
10, 0.01100, 1, 594.778, 1, 1, 9999, 9999, 9999, 9999, 9999, 9999, 9999, 9999, 594.778, 286.897, -9406.58, 847.136, 851.839, 700, 0.579117, 691.046, 0.000381972, 715.406
10, 0.01200, 1, 594.778, 1, 1, 9999, 9999, 9999, 9999, 9999, 9999, 9999, 9999, 594.778, 286.994, -9038.85, 837.913, 842.432, 700, 0.577599, 690.812, 0.000381972, 715.406
10, 0.01300, 1, 594.778, 1, 1, 9999, 9999, 9999, 9999, 9999, 9999, 9999, 9999, 594.778, 287.087, -8643.18, 829.072, 833.394, 700, 0.576171, 690.588, 0.000381972, 715.406
10, 0.01400, 1, 594.778, 1, 1, 9999, 9999, 9999, 9999, 9999, 9999, 9999, 9999, 594.778, 287.176, -8232.99, 820.634, 824.75, 700, 0.574829, 690.374, 0.000381972, 715.406
10, 0.01500, 1, 594.778, 1, 1, 9999, 9999, 9999, 9999, 9999, 9999, 9999, 9999, 594.778, 287.261, -7818.22, 812.608, 816.517, 700, 0.573569, 690.171, 0.000381972, 715.406
10, 0.01600, 1, 594.778, 1, 1, 9999, 9999, 9999, 9999, 9999, 9999, 9999, 9999, 594.778, 287.342, -7406.12, 804.996, 808.699, 700, 0.572387, 689.977, 0.000381972, 715.406
10, 0.01700, 1, 594.778, 1, 1, 9999, 9999, 9999, 9999, 9999, 9999, 9999, 9999, 594.778, 287.418, -7001.89, 797.792, 801.293, 700, 0.571279, 689.794, 0.000381972, 715.406
10, 0.01800, 1, 594.778, 1, 1, 9999, 9999, 9999, 9999, 9999, 9999, 9999, 9999, 594.778, 287.49, -6609.19, 790.987, 794.291, 700, 0.570241, 689.621, 0.000381972, 715.406
10, 0.01900, 1, 594.778, 1, 1, 9999, 9999, 9999, 9999, 9999, 9999, 9999, 9999, 594.778, 287.558, -6230.47, 784.567, 787.682, 700, 0.569268, 689.457, 0.000381972, 715.406
10, 0.02000, 1, 594.778, 1, 1, 9999, 9999, 9999, 9999, 9999, 9999, 9999, 9999, 594.778, 287.623, -5867.3, 778.518, 781.452, 700, 0.568358, 689.303, 0.000381972, 715.406
10, 0.02100, 1, 594.778, 1, 1, 9999, 9999, 9999, 9999, 9999, 9999, 9999, 9999, 594.778, 287.684, -5520.61, 772.824, 775.584, 700, 0.567505, 689.157, 0.000381972, 715.406
10, 0.02200, 1, 594.778, 1, 1, 9999, 9999, 9999, 9999, 9999, 9999, 9999, 9999, 594.778, 287.741, -5190.81, 767.468, 770.064, 700, 0.566707, 689.019, 0.000381972, 715.406
10, 0.02300, 1, 594.778, 1, 1, 9999, 9999, 9999, 9999, 9999, 9999, 9999, 9999, 594.778, 287.796, -4877.94, 762.434, 764.873, 700, 0.56596, 688.889, 0.000381972, 715.406
10, 0.02400, 1, 594.778, 1, 1, 9999, 9999, 9999, 9999, 9999, 9999, 9999, 9999, 594.778, 287.847, -4581.81, 757.704, 759.995, 700, 0.565261, 688.766, 0.000381972, 715.406
10, 0.02500, 1, 594.778, 1, 1, 9999, 9999, 9999, 9999, 9999, 9999, 9999, 9999, 594.778, 287.895, -4302.02, 753.262, 755.413, 700, 0.564608, 688.65, 0.000381972, 715.406
10, 0.02600, 1, 594.778, 1, 1, 9999, 9999, 9999, 9999, 9999, 9999, 9999, 9999, 594.778, 287.941, -4038.04, 749.092, 751.111, 700, 0.563996, 688.541, 0.000381972, 715.406
10, 0.02700, 1, 594.778, 1, 1, 9999, 9999, 9999, 9999, 9999, 9999, 9999, 9999, 594.778, 287.984, -3789.24, 745.178, 747.073, 700, 0.563425, 688.439, 0.000381972, 715.406
10, 0.02800, 1, 594.778, 1, 1, 9999, 9999, 9999, 9999, 9999, 9999, 9999, 9999, 594.778, 288.024, -3555.03, 741.506, 743.284, 700, 0.56289, 688.342, 0.000381972, 715.406
10, 0.02900, 1, 594.778, 1, 1, 9999, 9999, 9999, 9999, 9999, 9999, 9999, 9999, 594.778, 288.063, -3334.71, 738.061, 739.729, 700, 0.562391, 688.25, 0.000381972, 715.406
10, 0.03000, 1, 594.778, 1, 1, 9999, 9999, 9999, 9999, 9999, 9999, 9999, 9999, 594.778, 288.099, -3127.59, 734.83, 736.394, 700, 0.561923, 688.164, 0.000381972, 715.406
10, 0.03100, 1, 594.778, 1, 1, 9999, 9999, 9999, 9999, 9999, 9999, 9999, 9999, 594.778, 288.133, -2932.97, 731.8, 733.266, 700, 0.561487, 688.083, 0.000381972, 715.406
10, 0.03200, 1, 594.778, 1, 1, 9999, 9999, 9999, 9999, 9999, 9999, 9999, 9999, 594.778, 288.165, -2750.16, 728.958, 730.333, 700, 0.561079, 688.007, 0.000381972, 715.406
10, 0.03300, 1, 594.778, 1, 1, 9999, 9999, 9999, 9999, 9999, 9999, 9999, 9999, 594.778, 288.195, -2578.52, 726.294, 727.583, 700, 0.560697, 687.934, 0.000381972, 715.406
10, 0.03400, 1, 594.778, 1, 1, 9999, 9999, 9999, 9999, 9999, 9999, 9999, 9999, 594.778, 288.223, -2417.4, 723.796, 725.005, 700, 0.560341, 687.866, 0.000381972, 715.406
10, 0.03500, 1, 594.778, 1, 1, 9999, 9999, 9999, 9999, 9999, 9999, 9999, 9999, 594.778, 288.249, -2262.39, 721.456, 722.587, 700, 0.560008, 687.806, 0.000381972, 715.406
10, 0.03600, 1, 594.778, 1, 1, 9999, 9999, 9999, 9999, 9999, 9999, 9999, 9999, 594.778, 288.268, -2106.08, 719.272, 720.325, 700, 0.559696, 687.76, 0.000381972, 715.406
10, 0.03700, 1, 594.778, 1, 1, 9999, 9999, 9999, 9999, 9999, 9999, 9999, 9999, 594.778, 288.287, -1969.61, 717.234, 718.219, 700, 0.559406, 687.715, 0.000381972, 715.406
10, 0.03800, 1, 594.778, 1, 1, 9999, 9999, 9999, 9999, 9999, 9999, 9999, 9999, 594.778, 288.314, -1866.34, 715.316, 716.249, 700, 0.559134, 687.65, 0.000381972, 715.406
10, 0.03900, 1, 594.778, 1, 1, 9999, 9999, 9999, 9999, 9999, 9999, 9999, 9999, 594.778, 288.328, -1725.76, 713.52, 714.383, 700, 0.558881, 687.618, 0.000381972, 715.406
10, 0.04000, 1, 594.778, 1, 1, 9999, 9999, 9999, 9999, 9999, 9999, 9999, 9999, 594.778, 288.342, -1611.63, 711.851, 712.657, 700, 0.558643, 687.584, 0.000381972, 715.406
10, 0.04100, 1, 594.778, 1, 1, 9999, 9999, 9999, 9999, 9999, 9999, 9999, 9999, 594.778, 288.355, -1505.85, 710.293, 711.046, 700, 0.55842, 687.553, 0.000381972, 715.406
10, 0.04200, 1, 594.778, 1, 1, 9999, 9999, 9999, 9999, 9999, 9999, 9999, 9999, 594.778, 288.367, -1408.2, 708.836, 709.54, 700, 0.558211, 687.523, 0.000381972, 715.406
10, 0.04300, 1, 594.778, 1, 1, 9999, 9999, 9999, 9999, 9999, 9999, 9999, 9999, 594.778, 288.379, -1317.77, 707.473, 708.131, 700, 0.558016, 687.495, 0.000381972, 715.406
10, 0.04400, 1, 594.778, 1, 1, 9999, 9999, 9999, 9999, 9999, 9999, 9999, 9999, 594.778, 288.39, -1233.83, 706.197, 706.814, 700, 0.557834, 687.468, 0.000381972, 715.406
10, 0.04500, 1, 594.778, 1, 1, 9999, 9999, 9999, 9999, 9999, 9999, 9999, 9999, 594.778, 288.401, -1155.75, 705.002, 705.58, 700, 0.557663, 687.443, 0.000381972, 715.406
10, 0.04600, 1, 594.778, 1, 1, 9999, 9999, 9999, 9999, 9999, 9999, 9999, 9999, 594.778, 288.411, -1083, 703.883, 704.424, 700, 0.557503, 687.42, 0.000381972, 715.406
10, 0.04700, 1, 594.778, 1, 1, 9999, 9999, 9999, 9999, 9999, 9999, 9999, 9999, 594.778, 288.42, -1015.13, 702.834, 703.341, 700, 0.557353, 687.397, 0.000381972, 715.406
10, 0.04800, 1, 594.778, 1, 1, 9999, 9999, 9999, 9999, 9999, 9999, 9999, 9999, 594.778, 288.429, -951.727, 701.85, 702.326, 700, 0.557213, 687.376, 0.000381972, 715.406
10, 0.04900, 1, 594.778, 1, 1, 9999, 9999, 9999, 9999, 9999, 9999, 9999, 9999, 594.778, 288.437, -892.451, 700.928, 701.374, 700, 0.557081, 687.356, 0.000381972, 715.406
10, 0.05000, 1, 594.778, 1, 1, 9999, 9999, 9999, 9999, 9999, 9999, 9999, 9999, 594.778, 288.445, -836.988, 700.063, 700.482, 700, 0.556959, 687.337, 0.000381972, 715.406
10, 0.05100, 1, 594.778, 1, 1, 9999, 9999, 9999, 9999, 9999, 9999, 9999, 9999, 594.778, 288.453, -785.059, 699.252, 699.645, 700, 0.556844, 687.319, 0.000381972, 715.406
10, 0.05200, 1, 594.778, 1, 1, 9999, 9999, 9999, 9999, 9999, 9999, 9999, 9999, 594.778, 288.46, -736.414, 698.492, 698.86, 700, 0.556736, 687.303, 0.000381972, 715.406
10, 0.05300, 1, 594.778, 1, 1, 9999, 9999, 9999, 9999, 9999, 9999, 9999, 9999, 594.778, 288.467, -690.827, 697.778, 698.123, 700, 0.556636, 687.287, 0.000381972, 715.406
10, 0.05400, 1, 594.778, 1, 1, 9999, 9999, 9999, 9999, 9999, 9999, 9999, 9999, 594.778, 288.473, -648.091, 697.109, 697.433, 700, 0.556542, 687.272, 0.000381972, 715.406
10, 0.05500, 1, 594.778, 1, 1, 9999, 9999, 9999, 9999, 9999, 9999, 9999, 9999, 594.778, 288.479, -608.018, 696.48, 696.784, 700, 0.556454, 687.257, 0.000381972, 715.406
10, 0.05600, 1, 594.778, 1, 1, 9999, 9999, 9999, 9999, 9999, 9999, 9999, 9999, 594.778, 288.484, -570.434, 695.891, 696.176, 700, 0.556371, 687.244, 0.000381972, 715.406
10, 0.05700, 1, 594.778, 1, 1, 9999, 9999, 9999, 9999, 9999, 9999, 9999, 9999, 594.778, 288.49, -535.177, 695.338, 695.606, 700, 0.556295, 687.231, 0.000381972, 715.406
10, 0.05800, 1, 594.778, 1, 1, 9999, 9999, 9999, 9999, 9999, 9999, 9999, 9999, 594.778, 288.495, -502.101, 694.82, 695.071, 700, 0.556222, 687.219, 0.000381972, 715.406
10, 0.05900, 1, 594.778, 1, 1, 9999, 9999, 9999, 9999, 9999, 9999, 9999, 9999, 594.778, 288.5, -471.066, 694.333, 694.569, 700, 0.556155, 687.208, 0.000381972, 715.406
10, 0.06000, 1, 594.778, 1, 1, 9999, 9999, 9999, 9999, 9999, 9999, 9999, 9999, 594.778, 288.504, -441.946, 693.877, 694.098, 700, 0.556092, 687.197, 0.000381972, 715.406
10, 0.06100, 1, 594.778, 1, 1, 9999, 9999, 9999, 9999, 9999, 9999, 9999, 9999, 594.778, 288.509, -414.619, 693.448, 693.656, 700, 0.556033, 687.187, 0.000381972, 715.406
10, 0.06200, 1, 594.778, 1, 1, 9999, 9999, 9999, 9999, 9999, 9999, 9999, 9999, 594.778, 288.513, -388.975, 693.047, 693.241, 700, 0.555978, 687.177, 0.000381972, 715.406
10, 0.06300, 1, 594.778, 1, 1, 9999, 9999, 9999, 9999, 9999, 9999, 9999, 9999, 594.778, 288.516, -364.909, 692.67, 692.852, 700, 0.555927, 687.168, 0.000381972, 715.406
10, 0.06400, 1, 594.778, 1, 1, 9999, 9999, 9999, 9999, 9999, 9999, 9999, 9999, 594.778, 288.52, -342.324, 692.316, 692.487, 700, 0.555879, 687.159, 0.000381972, 715.406
10, 0.06500, 1, 594.778, 1, 1, 9999, 9999, 9999, 9999, 9999, 9999, 9999, 9999, 594.778, 288.523, -321.129, 691.984, 692.145, 700, 0.555834, 687.151, 0.000381972, 715.406
10, 0.06600, 1, 594.778, 1, 1, 9999, 9999, 9999, 9999, 9999, 9999, 9999, 9999, 594.778, 288.527, -301.238, 691.673, 691.824, 700, 0.555792, 687.143, 0.000381972, 715.406
10, 0.06700, 1, 594.778, 1, 1, 9999, 9999, 9999, 9999, 9999, 9999, 9999, 9999, 594.778, 288.53, -282.571, 691.381, 691.523, 700, 0.555753, 687.136, 0.000381972, 715.406
10, 0.06800, 1, 594.778, 1, 1, 9999, 9999, 9999, 9999, 9999, 9999, 9999, 9999, 594.778, 288.533, -265.052, 691.107, 691.24, 700, 0.555716, 687.129, 0.000381972, 715.406
10, 0.06900, 1, 594.778, 1, 1, 9999, 9999, 9999, 9999, 9999, 9999, 9999, 9999, 594.778, 288.535, -248.612, 690.851, 690.975, 700, 0.555682, 687.123, 0.000381972, 715.406
10, 0.07000, 1, 594.778, 1, 1, 9999, 9999, 9999, 9999, 9999, 9999, 9999, 9999, 594.778, 288.538, -233.184, 690.61, 690.726, 700, 0.55565, 687.117, 0.000381972, 715.406
10, 0.07100, 1, 594.778, 1, 1, 9999, 9999, 9999, 9999, 9999, 9999, 9999, 9999, 594.778, 288.54, -218.705, 690.384, 690.493, 700, 0.55562, 687.111, 0.000381972, 715.406
10, 0.07200, 1, 594.778, 1, 1, 9999, 9999, 9999, 9999, 9999, 9999, 9999, 9999, 594.778, 288.543, -205.119, 690.172, 690.274, 700, 0.555592, 687.105, 0.000381972, 715.406
10, 0.07300, 1, 594.778, 1, 1, 9999, 9999, 9999, 9999, 9999, 9999, 9999, 9999, 594.778, 288.545, -192.37, 689.973, 690.069, 700, 0.555566, 687.1, 0.000381972, 715.406
10, 0.07400, 1, 594.778, 1, 1, 9999, 9999, 9999, 9999, 9999, 9999, 9999, 9999, 594.778, 288.547, -180.407, 689.787, 689.877, 700, 0.555542, 687.095, 0.000381972, 715.406
10, 0.07500, 1, 594.778, 1, 1, 9999, 9999, 9999, 9999, 9999, 9999, 9999, 9999, 594.778, 288.549, -169.182, 689.612, 689.697, 700, 0.555519, 687.09, 0.000381972, 715.406
10, 0.07600, 1, 594.778, 1, 1, 9999, 9999, 9999, 9999, 9999, 9999, 9999, 9999, 594.778, 288.551, -158.649, 689.448, 689.527, 700, 0.555498, 687.086, 0.000381972, 715.406
10, 0.07700, 1, 594.778, 1, 1, 9999, 9999, 9999, 9999, 9999, 9999, 9999, 9999, 594.778, 288.553, -148.767, 689.294, 689.369, 700, 0.555478, 687.082, 0.000381972, 715.406
10, 0.07800, 1, 594.778, 1, 1, 9999, 9999, 9999, 9999, 9999, 9999, 9999, 9999, 594.778, 288.554, -139.494, 689.15, 689.22, 700, 0.555459, 687.078, 0.000381972, 715.406
10, 0.07900, 1, 594.778, 1, 1, 9999, 9999, 9999, 9999, 9999, 9999, 9999, 9999, 594.778, 288.556, -130.795, 689.015, 689.08, 700, 0.555442, 687.074, 0.000381972, 715.406
10, 0.08000, 1, 594.778, 1, 1, 9999, 9999, 9999, 9999, 9999, 9999, 9999, 9999, 594.778, 288.557, -122.633, 688.888, 688.95, 700, 0.555426, 687.071, 0.000381972, 715.406
10, 0.08100, 1, 594.778, 1, 1, 9999, 9999, 9999, 9999, 9999, 9999, 9999, 9999, 594.778, 288.559, -114.976, 688.769, 688.827, 700, 0.555411, 687.067, 0.000381972, 715.406
10, 0.08200, 1, 594.778, 1, 1, 9999, 9999, 9999, 9999, 9999, 9999, 9999, 9999, 594.778, 288.56, -107.792, 688.658, 688.712, 700, 0.555397, 687.064, 0.000381972, 715.406
10, 0.08300, 1, 594.778, 1, 1, 9999, 9999, 9999, 9999, 9999, 9999, 9999, 9999, 594.778, 288.561, -101.053, 688.554, 688.604, 700, 0.555384, 687.061, 0.000381972, 715.406
10, 0.08400, 1, 594.778, 1, 1, 9999, 9999, 9999, 9999, 9999, 9999, 9999, 9999, 594.778, 288.562, -94.7314, 688.456, 688.503, 700, 0.555372, 687.058, 0.000381972, 715.406
10, 0.08500, 1, 594.778, 1, 1, 9999, 9999, 9999, 9999, 9999, 9999, 9999, 9999, 594.778, 288.564, -88.8013, 688.364, 688.408, 700, 0.55536, 687.056, 0.000381972, 715.406
10, 0.08600, 1, 594.778, 1, 1, 9999, 9999, 9999, 9999, 9999, 9999, 9999, 9999, 594.778, 288.565, -83.2389, 688.278, 688.32, 700, 0.55535, 687.053, 0.000381972, 715.406
10, 0.08700, 1, 594.778, 1, 1, 9999, 9999, 9999, 9999, 9999, 9999, 9999, 9999, 594.778, 288.566, -78.0214, 688.197, 688.236, 700, 0.55534, 687.051, 0.000381972, 715.406
10, 0.08800, 1, 594.778, 1, 1, 9999, 9999, 9999, 9999, 9999, 9999, 9999, 9999, 594.778, 288.567, -73.1276, 688.122, 688.158, 700, 0.555331, 687.048, 0.000381972, 715.406
10, 0.08900, 1, 594.778, 1, 1, 9999, 9999, 9999, 9999, 9999, 9999, 9999, 9999, 594.778, 288.568, -68.5377, 688.051, 688.085, 700, 0.555322, 687.046, 0.000381972, 715.406
10, 0.09000, 1, 594.778, 1, 1, 9999, 9999, 9999, 9999, 9999, 9999, 9999, 9999, 594.778, 288.568, -64.2328, 687.985, 688.017, 700, 0.555314, 687.044, 0.000381972, 715.406
10, 0.09100, 1, 594.778, 1, 1, 9999, 9999, 9999, 9999, 9999, 9999, 9999, 9999, 594.778, 288.569, -60.1955, 687.922, 687.952, 700, 0.555307, 687.042, 0.000381972, 715.406
10, 0.09200, 1, 594.778, 1, 1, 9999, 9999, 9999, 9999, 9999, 9999, 9999, 9999, 594.778, 288.57, -56.4093, 687.864, 687.892, 700, 0.555307, 687.04, 0.000381972, 715.406
10, 0.09300, 1, 594.778, 1, 1, 9999, 9999, 9999, 9999, 9999, 9999, 9999, 9999, 594.778, 288.571, -52.9928, 687.809, 687.836, 700, 0.555307, 687.039, 0.000381972, 715.406
10, 0.09400, 1, 594.778, 1, 1, 9999, 9999, 9999, 9999, 9999, 9999, 9999, 9999, 594.778, 288.571, -49.7565, 687.758, 687.783, 700, 0.555307, 687.037, 0.000381972, 715.406
10, 0.09500, 1, 594.778, 1, 1, 9999, 9999, 9999, 9999, 9999, 9999, 9999, 9999, 594.778, 288.572, -33.4783, 687.716, 687.733, 700, 0.555307, 687.035, 0.000381972, 715.406
10, 0.09600, 1, 594.778, 1, 1, 9999, 9999, 9999, 9999, 9999, 9999, 9999, 9999, 594.778, 288.573, -25.5487, 687.687, 687.7, 700, 0.555307, 687.033, 0.000381972, 715.406
10, 0.09700, 1, 594.778, 1, 1, 9999, 9999, 9999, 9999, 9999, 9999, 9999, 9999, 594.778, 288.574, -19.4364, 687.664, 687.674, 700, 0.555307, 687.032, 0.000381972, 715.406
10, 0.09800, 1, 594.778, 1, 1, 9999, 9999, 9999, 9999, 9999, 9999, 9999, 9999, 594.778, 288.574, -15.0686, 687.647, 687.655, 700, 0.555307, 687.03, 0.000381972, 715.406
10, 0.09900, 1, 594.778, 1, 1, 9999, 9999, 9999, 9999, 9999, 9999, 9999, 9999, 594.778, 288.575, -11.8967, 687.634, 687.64, 700, 0.555307, 687.029, 0.000381972, 715.406
10, 0.10000, 1, 594.778, 1, 1, 9999, 9999, 9999, 9999, 9999, 9999, 9999, 9999, 594.778, 288.575, -9.58075, 687.623, 687.628, 700, 0.555307, 687.027, 0.000381972, 715.406
10, 0.10100, 1, 594.778, 1, 1, 9999, 9999, 9999, 9999, 9999, 9999, 9999, 9999, 594.778, 288.576, -7.87526, 687.614, 687.618, 700, 0.555307, 687.026, 0.000381972, 715.406
10, 0.10200, 1, 594.778, 1, 1, 9999, 9999, 9999, 9999, 9999, 9999, 9999, 9999, 594.778, 288.577, -6.60607, 687.607, 687.61, 700, 0.555307, 687.025, 0.000381972, 715.406
10, 0.10300, 1, 594.778, 1, 1, 9999, 9999, 9999, 9999, 9999, 9999, 9999, 9999, 594.778, 288.577, -5.64947, 687.601, 687.604, 700, 0.555307, 687.023, 0.000381972, 715.406
10, 0.10400, 1, 594.778, 1, 1, 9999, 9999, 9999, 9999, 9999, 9999, 9999, 9999, 594.778, 288.577, -4.91754, 687.596, 687.598, 700, 0.555307, 687.022, 0.000381972, 715.406
10, 0.10500, 1, 594.778, 1, 1, 9999, 9999, 9999, 9999, 9999, 9999, 9999, 9999, 594.778, 288.578, -4.34778, 687.591, 687.593, 700, 0.555307, 687.021, 0.000381972, 715.406
10, 0.10600, 1, 594.778, 1, 1, 9999, 9999, 9999, 9999, 9999, 9999, 9999, 9999, 594.778, 288.578, -3.89574, 687.587, 687.589, 700, 0.555307, 687.02, 0.000381972, 715.406
10, 0.10700, 1, 594.778, 1, 1, 9999, 9999, 9999, 9999, 9999, 9999, 9999, 9999, 594.778, 288.579, -3.52976, 687.583, 687.585, 700, 0.555307, 687.019, 0.000381972, 715.406
10, 0.10800, 1, 594.778, 1, 1, 9999, 9999, 9999, 9999, 9999, 9999, 9999, 9999, 594.778, 288.579, -3.22727, 687.58, 687.581, 700, 0.555307, 687.019, 0.000381972, 715.406
10, 0.10900, 1, 594.778, 1, 1, 9999, 9999, 9999, 9999, 9999, 9999, 9999, 9999, 594.778, 288.579, -2.97214, 687.577, 687.578, 700, 0.555307, 687.018, 0.000381972, 715.406
10, 0.11000, 1, 594.778, 1, 1, 9999, 9999, 9999, 9999, 9999, 9999, 9999, 9999, 594.778, 288.58, -2.75284, 687.574, 687.575, 700, 0.555307, 687.017, 0.000381972, 715.406
10, 0.11100, 1, 594.778, 1, 1, 9999, 9999, 9999, 9999, 9999, 9999, 9999, 9999, 594.778, 288.58, -2.56105, 687.571, 687.572, 700, 0.555307, 687.016, 0.000381972, 715.406
10, 0.11200, 1, 594.778, 1, 1, 9999, 9999, 9999, 9999, 9999, 9999, 9999, 9999, 594.778, 288.58, -2.39078, 687.569, 687.57, 700, 0.555307, 687.016, 0.000381972, 715.406
10, 0.11300, 1, 594.778, 1, 1, 9999, 9999, 9999, 9999, 9999, 9999, 9999, 9999, 594.778, 288.581, -2.23768, 687.566, 687.567, 700, 0.555307, 687.015, 0.000381972, 715.406
10, 0.11400, 1, 594.778, 1, 1, 9999, 9999, 9999, 9999, 9999, 9999, 9999, 9999, 594.778, 288.581, -2.09855, 687.564, 687.565, 700, 0.555307, 687.014, 0.000381972, 715.406
10, 0.11500, 1, 594.778, 1, 1, 9999, 9999, 9999, 9999, 9999, 9999, 9999, 9999, 594.778, 288.581, -1.97105, 687.562, 687.563, 700, 0.555307, 687.014, 0.000381972, 715.406
10, 0.11600, 1, 594.778, 1, 1, 9999, 9999, 9999, 9999, 9999, 9999, 9999, 9999, 594.778, 288.581, -1.8534, 687.56, 687.561, 700, 0.555307, 687.013, 0.000381972, 715.406
10, 0.11700, 1, 594.778, 1, 1, 9999, 9999, 9999, 9999, 9999, 9999, 9999, 9999, 594.778, 288.582, -1.74426, 687.558, 687.559, 700, 0.555307, 687.013, 0.000381972, 715.406
10, 0.11800, 1, 594.778, 1, 1, 9999, 9999, 9999, 9999, 9999, 9999, 9999, 9999, 594.778, 288.582, -1.64261, 687.557, 687.557, 700, 0.555307, 687.012, 0.000381972, 715.406
10, 0.11900, 1, 594.778, 1, 1, 9999, 9999, 9999, 9999, 9999, 9999, 9999, 9999, 594.778, 288.582, -1.54764, 687.555, 687.556, 700, 0.555307, 687.012, 0.000381972, 715.406
10, 0.12000, 1, 594.778, 1, 1, 9999, 9999, 9999, 9999, 9999, 9999, 9999, 9999, 594.778, 288.582, -1.45868, 687.554, 687.554, 700, 0.555307, 687.011, 0.000381972, 715.406
10, 0.12100, 1, 594.778, 1, 1, 9999, 9999, 9999, 9999, 9999, 9999, 9999, 9999, 594.778, 288.582, -1.37521, 687.552, 687.553, 700, 0.555307, 687.011, 0.000381972, 715.406
10, 0.12200, 1, 594.778, 1, 1, 9999, 9999, 9999, 9999, 9999, 9999, 9999, 9999, 594.778, 288.582, -1.29678, 687.551, 687.551, 700, 0.555307, 687.01, 0.000381972, 715.406
10, 0.12300, 1, 594.778, 1, 1, 9999, 9999, 9999, 9999, 9999, 9999, 9999, 9999, 594.778, 288.583, -1.223, 687.55, 687.55, 700, 0.555307, 687.01, 0.000381972, 715.406
10, 0.12400, 1, 594.778, 1, 1, 9999, 9999, 9999, 9999, 9999, 9999, 9999, 9999, 594.778, 288.583, -1.15356, 687.548, 687.549, 700, 0.555307, 687.01, 0.000381972, 715.406
10, 0.12500, 1, 594.778, 1, 1, 9999, 9999, 9999, 9999, 9999, 9999, 9999, 9999, 594.778, 288.583, -0.908098, 687.547, 687.548, 700, 0.555307, 687.01, 0.000381972, 715.406
10, 0.12600, 1, 594.778, 1, 1, 9999, 9999, 9999, 9999, 9999, 9999, 9999, 9999, 594.778, 288.583, -0.721163, 687.547, 687.547, 700, 0.555307, 687.01, 0.000381972, 715.406
10, 0.12700, 1, 594.778, 1, 1, 9999, 9999, 9999, 9999, 9999, 9999, 9999, 9999, 594.778, 288.583, -0.563908, 687.546, 687.546, 700, 0.555307, 687.009, 0.000381972, 715.406
10, 0.12800, 1, 594.778, 1, 1, 9999, 9999, 9999, 9999, 9999, 9999, 9999, 9999, 594.778, 288.583, -0.436561, 687.545, 687.546, 700, 0.555307, 687.009, 0.000381972, 715.406
10, 0.12900, 1, 594.778, 1, 1, 9999, 9999, 9999, 9999, 9999, 9999, 9999, 9999, 594.778, 288.583, -0.335124, 687.545, 687.545, 700, 0.555307, 687.009, 0.000381972, 715.406
10, 0.13000, 1, 594.778, 1, 1, 9999, 9999, 9999, 9999, 9999, 9999, 9999, 9999, 594.778, 288.583, -0.255447, 687.545, 687.545, 700, 0.555307, 687.009, 0.000381972, 715.406
10, 0.13100, 1, 594.778, 1, 1, 9999, 9999, 9999, 9999, 9999, 9999, 9999, 9999, 594.778, 288.583, -0.19355, 687.544, 687.545, 700, 0.555307, 687.009, 0.000381972, 715.406
10, 0.13200, 1, 594.778, 1, 1, 9999, 9999, 9999, 9999, 9999, 9999, 9999, 9999, 594.778, 288.583, -0.145898, 687.544, 687.544, 700, 0.555307, 687.009, 0.000381972, 715.406
10, 0.13300, 1, 594.778, 1, 1, 9999, 9999, 9999, 9999, 9999, 9999, 9999, 9999, 594.778, 288.583, -0.109487, 687.544, 687.544, 700, 0.555307, 687.009, 0.000381972, 715.406
10, 0.13400, 1, 594.778, 1, 1, 9999, 9999, 9999, 9999, 9999, 9999, 9999, 9999, 594.778, 288.583, -0.0818411, 687.544, 687.544, 700, 0.555307, 687.009, 0.000381972, 715.406
10, 0.13500, 1, 594.778, 1, 1, 9999, 9999, 9999, 9999, 9999, 9999, 9999, 9999, 594.778, 288.583, -0.0609647, 687.544, 687.544, 700, 0.555307, 687.009, 0.000381972, 715.406
10, 0.13600, 1, 594.778, 1, 1, 9999, 9999, 9999, 9999, 9999, 9999, 9999, 9999, 594.778, 288.583, -0.045274, 687.544, 687.544, 700, 0.555307, 687.009, 0.000381972, 715.406
10, 0.13700, 1, 594.778, 1, 1, 9999, 9999, 9999, 9999, 9999, 9999, 9999, 9999, 594.778, 288.583, -0.0335292, 687.544, 687.544, 700, 0.555307, 687.009, 0.000381972, 715.406
10, 0.13800, 1, 594.778, 1, 1, 9999, 9999, 9999, 9999, 9999, 9999, 9999, 9999, 594.778, 288.583, -0.0247696, 687.544, 687.544, 700, 0.555307, 687.009, 0.000381972, 715.406
10, 0.13900, 1, 594.778, 1, 1, 9999, 9999, 9999, 9999, 9999, 9999, 9999, 9999, 594.778, 288.583, -0.0182576, 687.544, 687.544, 700, 0.555307, 687.009, 0.000381972, 715.406
10, 0.14000, 1, 594.778, 1, 1, 9999, 9999, 9999, 9999, 9999, 9999, 9999, 9999, 594.778, 288.583, -0.0134301, 687.544, 687.544, 700, 0.555307, 687.009, 0.000381972, 715.406
10, 0.14100, 1, 594.778, 1, 1, 9999, 9999, 9999, 9999, 9999, 9999, 9999, 9999, 594.778, 288.583, -0.00986077, 687.544, 687.544, 700, 0.555307, 687.009, 0.000381972, 715.406
10, 0.14200, 1, 594.778, 1, 1, 9999, 9999, 9999, 9999, 9999, 9999, 9999, 9999, 594.778, 288.583, -0.00722772, 687.544, 687.544, 700, 0.555307, 687.009, 0.000381972, 715.406
10, 0.14300, 1, 594.778, 1, 1, 9999, 9999, 9999, 9999, 9999, 9999, 9999, 9999, 594.778, 288.583, -0.00528947, 687.544, 687.544, 700, 0.555307, 687.009, 0.000381972, 715.406
10, 0.14400, 1, 594.778, 1, 1, 9999, 9999, 9999, 9999, 9999, 9999, 9999, 9999, 594.778, 288.583, -0.00386542, 687.544, 687.544, 700, 0.555307, 687.009, 0.000381972, 715.406
10, 0.14500, 1, 594.778, 1, 1, 9999, 9999, 9999, 9999, 9999, 9999, 9999, 9999, 594.778, 288.583, -0.00282098, 687.544, 687.544, 700, 0.555307, 687.009, 0.000381972, 715.406
10, 0.14600, 1, 594.778, 1, 1, 9999, 9999, 9999, 9999, 9999, 9999, 9999, 9999, 594.778, 288.583, -0.00205621, 687.544, 687.544, 700, 0.555307, 687.009, 0.000381972, 715.406
10, 0.14700, 1, 594.778, 1, 1, 9999, 9999, 9999, 9999, 9999, 9999, 9999, 9999, 594.778, 288.583, -0.00149704, 687.544, 687.544, 700, 0.555307, 687.009, 0.000381972, 715.406
10, 0.14800, 1, 594.778, 1, 1, 9999, 9999, 9999, 9999, 9999, 9999, 9999, 9999, 594.778, 288.583, -0.00108876, 687.544, 687.544, 700, 0.555307, 687.009, 0.000381972, 715.406
10, 0.14900, 1, 594.778, 1, 1, 9999, 9999, 9999, 9999, 9999, 9999, 9999, 9999, 594.778, 288.583, -0.000791044, 687.544, 687.544, 700, 0.555307, 687.009, 0.000381972, 715.406
10, 0.15000, 1, 594.778, 1, 1, 9999, 9999, 9999, 9999, 9999, 9999, 9999, 9999, 594.778, 288.583, -0.00057419, 687.544, 687.544, 700, 0.555307, 687.009, 0.000381972, 715.406
10, 0.15100, 1, 594.778, 1, 1, 9999, 9999, 9999, 9999, 9999, 9999, 9999, 9999, 594.778, 288.583, -0.000416421, 687.544, 687.544, 700, 0.555307, 687.009, 0.000381972, 715.406
10, 0.15200, 1, 594.778, 1, 1, 9999, 9999, 9999, 9999, 9999, 9999, 9999, 9999, 594.778, 288.583, -0.000301747, 687.544, 687.544, 700, 0.555307, 687.009, 0.000381972, 715.406
10, 0.15300, 1, 594.778, 1, 1, 9999, 9999, 9999, 9999, 9999, 9999, 9999, 9999, 594.778, 288.583, -0.000218489, 687.544, 687.544, 700, 0.555307, 687.009, 0.000381972, 715.406
10, 0.15400, 1, 594.778, 1, 1, 9999, 9999, 9999, 9999, 9999, 9999, 9999, 9999, 594.778, 288.583, -0.00015808, 687.544, 687.544, 700, 0.555307, 687.009, 0.000381972, 715.406
10, 0.15500, 1, 594.778, 1, 1, 9999, 9999, 9999, 9999, 9999, 9999, 9999, 9999, 594.778, 288.583, -0.0001143, 687.544, 687.544, 700, 0.555307, 687.009, 0.000381972, 715.406
10, 0.15600, 1, 594.778, 1, 1, 9999, 9999, 9999, 9999, 9999, 9999, 9999, 9999, 594.778, 288.583, -0.0000825874, 687.544, 687.544, 700, 0.555307, 687.009, 0.000381972, 715.406
10, 0.15700, 1, 594.778, 1, 1, 9999, 9999, 9999, 9999, 9999, 9999, 9999, 9999, 594.778, 288.583, -0.0000596327, 687.544, 687.544, 700, 0.555307, 687.009, 0.000381972, 715.406
10, 0.15800, 1, 594.778, 1, 1, 9999, 9999, 9999, 9999, 9999, 9999, 9999, 9999, 594.778, 288.583, -0.0000430402, 687.544, 687.544, 700, 0.555307, 687.009, 0.000381972, 715.406
10, 0.15900, 1, 594.778, 1, 1, 9999, 9999, 9999, 9999, 9999, 9999, 9999, 9999, 594.778, 288.583, -0.0000310434, 687.544, 687.544, 700, 0.555307, 687.009, 0.000381972, 715.406
10, 0.16000, 1, 594.778, 1, 1, 9999, 9999, 9999, 9999, 9999, 9999, 9999, 9999, 594.778, 288.583, -0.0000223798, 687.544, 687.544, 700, 0.555307, 687.009, 0.000381972, 715.406
10, 0.16100, 1, 594.778, 1, 1, 9999, 9999, 9999, 9999, 9999, 9999, 9999, 9999, 594.778, 288.583, -0.0000161272, 687.544, 687.544, 700, 0.555307, 687.009, 0.000381972, 715.406
10, 0.16200, 1, 594.778, 1, 1, 9999, 9999, 9999, 9999, 9999, 9999, 9999, 9999, 594.778, 288.583, -0.000011614, 687.544, 687.544, 700, 0.555307, 687.009, 0.000381972, 715.406
10, 0.16300, 1, 594.778, 1, 1, 9999, 9999, 9999, 9999, 9999, 9999, 9999, 9999, 594.778, 288.583, -8.35734E-6, 687.544, 687.544, 700, 0.555307, 687.009, 0.000381972, 715.406
10, 0.16400, 1, 594.778, 1, 1, 9999, 9999, 9999, 9999, 9999, 9999, 9999, 9999, 594.778, 288.583, -6.01349E-6, 687.544, 687.544, 700, 0.555307, 687.009, 0.000381972, 715.406
10, 0.16500, 1, 594.778, 1, 1, 9999, 9999, 9999, 9999, 9999, 9999, 9999, 9999, 594.778, 288.583, -4.32578E-6, 687.544, 687.544, 700, 0.555307, 687.009, 0.000381972, 715.406
10, 0.16600, 1, 594.778, 1, 1, 9999, 9999, 9999, 9999, 9999, 9999, 9999, 9999, 594.778, 288.583, -3.11189E-6, 687.544, 687.544, 700, 0.555307, 687.009, 0.000381972, 715.406
10, 0.16700, 1, 594.778, 1, 1, 9999, 9999, 9999, 9999, 9999, 9999, 9999, 9999, 594.778, 288.583, -2.23328E-6, 687.544, 687.544, 700, 0.555307, 687.009, 0.000381972, 715.406
10, 0.16800, 1, 594.778, 1, 1, 9999, 9999, 9999, 9999, 9999, 9999, 9999, 9999, 594.778, 288.583, -1.60245E-6, 687.544, 687.544, 700, 0.555307, 687.009, 0.000381972, 715.406
10, 0.16900, 1, 594.778, 1, 1, 9999, 9999, 9999, 9999, 9999, 9999, 9999, 9999, 594.778, 288.583, -1.15794E-6, 687.544, 687.544, 700, 0.555307, 687.009, 0.000381972, 715.406
10, 0.17000, 1, 594.778, 1, 1, 9999, 9999, 9999, 9999, 9999, 9999, 9999, 9999, 594.778, 288.583, -8.2682E-7, 687.544, 687.544, 700, 0.555307, 687.009, 0.000381972, 715.406
10, 0.17100, 1, 594.778, 1, 1, 9999, 9999, 9999, 9999, 9999, 9999, 9999, 9999, 594.778, 288.583, -5.97197E-7, 687.544, 687.544, 700, 0.555307, 687.009, 0.000381972, 715.406
10, 0.17200, 1, 594.778, 1, 1, 9999, 9999, 9999, 9999, 9999, 9999, 9999, 9999, 594.778, 288.583, -4.24274E-7, 687.544, 687.544, 700, 0.555307, 687.009, 0.000381972, 715.406
10, 0.17300, 1, 594.778, 1, 1, 9999, 9999, 9999, 9999, 9999, 9999, 9999, 9999, 594.778, 288.583, -3.07156E-7, 687.544, 687.544, 700, 0.555307, 687.009, 0.000381972, 715.406
10, 0.17400, 1, 594.778, 1, 1, 9999, 9999, 9999, 9999, 9999, 9999, 9999, 9999, 594.778, 288.583, -2.15783E-7, 687.544, 687.544, 700, 0.555307, 687.009, 0.000381972, 715.406
10, 0.17500, 1, 594.778, 1, 1, 9999, 9999, 9999, 9999, 9999, 9999, 9999, 9999, 594.778, 288.583, -1.56257E-7, 687.544, 687.544, 700, 0.555307, 687.009, 0.000381972, 715.406
10, 0.17600, 1, 594.778, 1, 1, 9999, 9999, 9999, 9999, 9999, 9999, 9999, 9999, 594.778, 288.583, -1.15332E-7, 687.544, 687.544, 700, 0.555307, 687.009, 0.000381972, 715.406
10, 0.17700, 1, 594.778, 1, 1, 9999, 9999, 9999, 9999, 9999, 9999, 9999, 9999, 594.778, 288.583, -7.85747E-8, 687.544, 687.544, 700, 0.555307, 687.009, 0.000381972, 715.406
10, 0.17800, 1, 594.778, 1, 1, 9999, 9999, 9999, 9999, 9999, 9999, 9999, 9999, 594.778, 288.583, -5.83358E-8, 687.544, 687.544, 700, 0.555307, 687.009, 0.000381972, 715.406
10, 0.17900, 1, 594.778, 1, 1, 9999, 9999, 9999, 9999, 9999, 9999, 9999, 9999, 594.778, 288.583, -4.1222E-8, 687.544, 687.544, 700, 0.555307, 687.009, 0.000381972, 715.406
10, 0.18000, 1, 594.778, 1, 1, 9999, 9999, 9999, 9999, 9999, 9999, 9999, 9999, 594.778, 288.583, -2.60428E-8, 687.544, 687.544, 700, 0.555307, 687.009, 0.000381972, 715.406
10, 0.18100, 1, 594.778, 1, 1, 9999, 9999, 9999, 9999, 9999, 9999, 9999, 9999, 594.778, 288.583, -2.14295E-8, 687.544, 687.544, 700, 0.555307, 687.009, 0.000381972, 715.406
10, 0.18200, 1, 594.778, 1, 1, 9999, 9999, 9999, 9999, 9999, 9999, 9999, 9999, 594.778, 288.583, -1.39887E-8, 687.544, 687.544, 700, 0.555307, 687.009, 0.000381972, 715.406
10, 0.18300, 1, 594.778, 1, 1, 9999, 9999, 9999, 9999, 9999, 9999, 9999, 9999, 594.778, 288.583, -1.22029E-8, 687.544, 687.544, 700, 0.555307, 687.009, 0.000381972, 715.406
10, 0.18400, 1, 594.778, 1, 1, 9999, 9999, 9999, 9999, 9999, 9999, 9999, 9999, 594.778, 288.583, -9.52421E-9, 687.544, 687.544, 700, 0.555307, 687.009, 0.000381972, 715.406
10, 0.18500, 1, 594.778, 1, 1, 9999, 9999, 9999, 9999, 9999, 9999, 9999, 9999, 594.778, 288.583, -7.14315E-9, 687.544, 687.544, 700, 0.555307, 687.009, 0.000381972, 715.406
10, 0.18600, 1, 594.778, 1, 1, 9999, 9999, 9999, 9999, 9999, 9999, 9999, 9999, 594.778, 288.583, -5.80381E-9, 687.544, 687.544, 700, 0.555307, 687.009, 0.000381972, 715.406
10, 0.18700, 1, 594.778, 1, 1, 9999, 9999, 9999, 9999, 9999, 9999, 9999, 9999, 594.778, 288.583, -2.67868E-9, 687.544, 687.544, 700, 0.555307, 687.009, 0.000381972, 715.406
10, 0.18800, 1, 594.778, 1, 1, 9999, 9999, 9999, 9999, 9999, 9999, 9999, 9999, 594.778, 288.583, 1.9346E-9, 687.544, 687.544, 700, 0.555307, 687.009, 0.000381972, 715.406
10, 0.18900, 1, 594.778, 1, 1, 9999, 9999, 9999, 9999, 9999, 9999, 9999, 9999, 594.778, 288.583, -1.04171E-9, 687.544, 687.544, 700, 0.555307, 687.009, 0.000381972, 715.406
10, 0.19000, 1, 594.778, 1, 1, 9999, 9999, 9999, 9999, 9999, 9999, 9999, 9999, 594.778, 288.583, -3.27395E-9, 687.544, 687.544, 700, 0.555307, 687.009, 0.000381972, 715.406
10, 0.19100, 1, 594.778, 1, 1, 9999, 9999, 9999, 9999, 9999, 9999, 9999, 9999, 594.778, 288.583, -1.9346E-9, 687.544, 687.544, 700, 0.555307, 687.009, 0.000381972, 715.406
10, 0.19200, 1, 594.778, 1, 1, 9999, 9999, 9999, 9999, 9999, 9999, 9999, 9999, 594.778, 288.583, -8.92894E-10, 687.544, 687.544, 700, 0.555307, 687.009, 0.000381972, 715.406
10, 0.19300, 1, 594.778, 1, 1, 9999, 9999, 9999, 9999, 9999, 9999, 9999, 9999, 594.778, 288.583, -7.44079E-10, 687.544, 687.544, 700, 0.555307, 687.009, 0.000381972, 715.406
10, 0.19400, 1, 594.778, 1, 1, 9999, 9999, 9999, 9999, 9999, 9999, 9999, 9999, 594.778, 288.583, -5.95263E-10, 687.544, 687.544, 700, 0.555307, 687.009, 0.000381972, 715.406
10, 0.19500, 1, 594.778, 1, 1, 9999, 9999, 9999, 9999, 9999, 9999, 9999, 9999, 594.778, 288.583, -2.97631E-10, 687.544, 687.544, 700, 0.555307, 687.009, 0.000381972, 715.406
10, 0.19600, 1, 594.778, 1, 1, 9999, 9999, 9999, 9999, 9999, 9999, 9999, 9999, 594.778, 288.583, -2.97631E-10, 687.544, 687.544, 700, 0.555307, 687.009, 0.000381972, 715.406
10, 0.19700, 1, 594.778, 1, 1, 9999, 9999, 9999, 9999, 9999, 9999, 9999, 9999, 594.778, 288.583, -1.48816E-10, 687.544, 687.544, 700, 0.555307, 687.009, 0.000381972, 715.406
10, 0.19800, 1, 594.778, 1, 1, 9999, 9999, 9999, 9999, 9999, 9999, 9999, 9999, 594.778, 288.583, -1.48816E-10, 687.544, 687.544, 700, 0.555307, 687.009, 0.000381972, 715.406
10, 0.19900, 1, 594.778, 1, 1, 9999, 9999, 9999, 9999, 9999, 9999, 9999, 9999, 594.778, 288.583, 0, 687.544, 687.544, 700, 0.555307, 687.009, 0.000381972, 715.406
10, 0.20000, 1, 594.778, 1, 1, 9999, 9999, 9999, 9999, 9999, 9999, 9999, 9999, 594.778, 288.583, 0, 687.544, 687.544, 700, 0.555307, 687.009, 0.000381972, 715.406
10, 0.20100, 1, 594.778, 1, 1, 9999, 9999, 9999, 9999, 9999, 9999, 9999, 9999, 594.778, 205.479, 217553, 796.32, 687.544, 700, 0.5553, 715.406, 0.000381972, 715.406
10, 0.20200, 1, 594.778, 1, 1, 9999, 9999, 9999, 9999, 9999, 9999, 9999, 9999, 594.778, 205.811, 102052, 956.122, 905.096, 700, 0.555603, 715.406, 0.000381972, 715.406
10, 0.20300, 1, 594.778, 1, 1, 9999, 9999, 9999, 9999, 9999, 9999, 9999, 9999, 594.778, 205.808, 70029.6, 1042.16, 1007.15, 700, 0.552979, 715.406, 0.000381972, 715.406
10, 0.20400, 1, 594.778, 1, 1, 9999, 9999, 9999, 9999, 9999, 9999, 9999, 9999, 594.778, 205.808, 44320.5, 1099.34, 1077.18, 700, 0.549496, 715.406, 0.000381972, 715.406
10, 0.20500, 1, 594.778, 1, 1, 9999, 9999, 9999, 9999, 9999, 9999, 9999, 9999, 594.778, 205.808, 25568.1, 1134.28, 1121.5, 700, 0.545468, 715.406, 0.000381972, 715.406
10, 0.20600, 1, 594.778, 1, 1, 9999, 9999, 9999, 9999, 9999, 9999, 9999, 9999, 594.778, 205.808, 11911.2, 1153.02, 1147.07, 700, 0.541113, 715.406, 0.000381972, 715.406
10, 0.20700, 1, 594.778, 1, 1, 9999, 9999, 9999, 9999, 9999, 9999, 9999, 9999, 594.778, 205.808, 2064.39, 1160.01, 1158.98, 700, 0.53659, 715.406, 0.000381972, 715.406
10, 0.20800, 1, 594.778, 1, 1, 9999, 9999, 9999, 9999, 9999, 9999, 9999, 9999, 594.778, 205.808, -4941.66, 1158.57, 1161.04, 700, 0.532013, 715.406, 0.000381972, 715.406
10, 0.20900, 1, 594.778, 1, 1, 9999, 9999, 9999, 9999, 9999, 9999, 9999, 9999, 594.778, 205.808, -9834.38, 1151.18, 1156.1, 700, 0.527463, 715.406, 0.000381972, 715.406
10, 0.21000, 1, 594.778, 1, 1, 9999, 9999, 9999, 9999, 9999, 9999, 9999, 9999, 594.778, 205.808, -13159.5, 1139.69, 1146.27, 700, 0.522998, 715.406, 0.000381972, 715.406
10, 0.21100, 1, 594.778, 1, 1, 9999, 9999, 9999, 9999, 9999, 9999, 9999, 9999, 594.778, 205.808, -15326.2, 1125.44, 1133.11, 700, 0.518657, 715.406, 0.000381972, 715.406
10, 0.21200, 1, 594.778, 1, 1, 9999, 9999, 9999, 9999, 9999, 9999, 9999, 9999, 594.778, 205.808, -16641, 1109.46, 1117.78, 700, 0.514466, 715.406, 0.000381972, 715.406
10, 0.21300, 1, 594.778, 1, 1, 9999, 9999, 9999, 9999, 9999, 9999, 9999, 9999, 594.778, 205.808, -17333.4, 1092.47, 1101.14, 700, 0.510443, 715.406, 0.000381972, 715.406
10, 0.21400, 1, 594.778, 1, 1, 9999, 9999, 9999, 9999, 9999, 9999, 9999, 9999, 594.778, 205.808, -17574.9, 1075.02, 1083.81, 700, 0.506595, 715.406, 0.000381972, 715.406
10, 0.21500, 1, 594.778, 1, 1, 9999, 9999, 9999, 9999, 9999, 9999, 9999, 9999, 594.778, 205.808, -17493.4, 1057.48, 1066.23, 700, 0.502927, 715.406, 0.000381972, 715.406
10, 0.21600, 1, 594.778, 1, 1, 9999, 9999, 9999, 9999, 9999, 9999, 9999, 9999, 594.778, 205.808, -17184.2, 1040.15, 1048.74, 700, 0.499439, 715.406, 0.000381972, 715.406
10, 0.21700, 1, 594.778, 1, 1, 9999, 9999, 9999, 9999, 9999, 9999, 9999, 9999, 594.778, 205.808, -16718.3, 1023.19, 1031.55, 700, 0.496129, 715.406, 0.000381972, 715.406
10, 0.21800, 1, 594.778, 1, 1, 9999, 9999, 9999, 9999, 9999, 9999, 9999, 9999, 594.778, 205.808, -16147.9, 1006.76, 1014.84, 700, 0.492993, 715.406, 0.000381972, 715.406
10, 0.21900, 1, 594.778, 1, 1, 9999, 9999, 9999, 9999, 9999, 9999, 9999, 9999, 594.778, 205.808, -15511.7, 990.932, 998.687, 700, 0.490025, 715.406, 0.000381972, 715.406
10, 0.22000, 1, 594.778, 1, 1, 9999, 9999, 9999, 9999, 9999, 9999, 9999, 9999, 594.778, 205.808, -14838, 975.757, 983.176, 700, 0.487218, 715.406, 0.000381972, 715.406
10, 0.22100, 1, 594.778, 1, 1, 9999, 9999, 9999, 9999, 9999, 9999, 9999, 9999, 594.778, 205.808, -14147.5, 961.264, 968.338, 700, 0.484567, 715.406, 0.000381972, 715.406
10, 0.22200, 1, 594.778, 1, 1, 9999, 9999, 9999, 9999, 9999, 9999, 9999, 9999, 594.778, 205.808, -13455, 947.463, 954.19, 700, 0.482063, 715.406, 0.000381972, 715.406
10, 0.22300, 1, 594.778, 1, 1, 9999, 9999, 9999, 9999, 9999, 9999, 9999, 9999, 594.778, 205.808, -12771, 934.35, 940.735, 700, 0.4797, 715.406, 0.000381972, 715.406
10, 0.22400, 1, 594.778, 1, 1, 9999, 9999, 9999, 9999, 9999, 9999, 9999, 9999, 594.778, 205.808, -12102.8, 921.913, 927.964, 700, 0.47747, 715.406, 0.000381972, 715.406
10, 0.22500, 1, 594.778, 1, 1, 9999, 9999, 9999, 9999, 9999, 9999, 9999, 9999, 594.778, 205.808, -11455.5, 910.134, 915.861, 700, 0.475368, 715.406, 0.000381972, 715.406
10, 0.22600, 1, 594.778, 1, 1, 9999, 9999, 9999, 9999, 9999, 9999, 9999, 9999, 594.778, 205.808, -10832.2, 898.99, 904.406, 700, 0.473385, 715.406, 0.000381972, 715.406
10, 0.22700, 1, 594.778, 1, 1, 9999, 9999, 9999, 9999, 9999, 9999, 9999, 9999, 594.778, 205.808, -10235, 888.456, 893.574, 700, 0.471516, 715.406, 0.000381972, 715.406
10, 0.22800, 1, 594.778, 1, 1, 9999, 9999, 9999, 9999, 9999, 9999, 9999, 9999, 594.778, 205.808, -9664.79, 878.506, 883.339, 700, 0.469754, 715.406, 0.000381972, 715.406
10, 0.22900, 1, 594.778, 1, 1, 9999, 9999, 9999, 9999, 9999, 9999, 9999, 9999, 594.778, 205.808, -9121.9, 869.113, 873.674, 700, 0.468094, 715.406, 0.000381972, 715.406
10, 0.23000, 1, 594.778, 1, 1, 9999, 9999, 9999, 9999, 9999, 9999, 9999, 9999, 594.778, 205.808, -8606.17, 860.249, 864.552, 700, 0.466529, 715.406, 0.000381972, 715.406
10, 0.23100, 1, 594.778, 1, 1, 9999, 9999, 9999, 9999, 9999, 9999, 9999, 9999, 594.778, 205.808, -8117.1, 851.887, 855.946, 700, 0.465054, 715.406, 0.000381972, 715.406
10, 0.23200, 1, 594.778, 1, 1, 9999, 9999, 9999, 9999, 9999, 9999, 9999, 9999, 594.778, 205.808, -7653.95, 844.002, 847.829, 700, 0.463665, 715.406, 0.000381972, 715.406
10, 0.23300, 1, 594.778, 1, 1, 9999, 9999, 9999, 9999, 9999, 9999, 9999, 9999, 594.778, 205.808, -7215.82, 836.567, 840.175, 700, 0.462356, 715.406, 0.000381972, 715.406
10, 0.23400, 1, 594.778, 1, 1, 9999, 9999, 9999, 9999, 9999, 9999, 9999, 9999, 594.778, 205.808, -6801.7, 829.558, 832.959, 700, 0.461122, 715.406, 0.000381972, 715.406
10, 0.23500, 1, 594.778, 1, 1, 9999, 9999, 9999, 9999, 9999, 9999, 9999, 9999, 594.778, 205.808, -6410.56, 822.952, 826.157, 700, 0.45996, 715.406, 0.000381972, 715.406
10, 0.23600, 1, 594.778, 1, 1, 9999, 9999, 9999, 9999, 9999, 9999, 9999, 9999, 594.778, 205.808, -6041.31, 816.726, 819.747, 700, 0.458865, 715.406, 0.000381972, 715.406
10, 0.23700, 1, 594.778, 1, 1, 9999, 9999, 9999, 9999, 9999, 9999, 9999, 9999, 594.778, 205.808, -5692.88, 810.859, 813.705, 700, 0.457834, 715.406, 0.000381972, 715.406
10, 0.23800, 1, 594.778, 1, 1, 9999, 9999, 9999, 9999, 9999, 9999, 9999, 9999, 594.778, 205.808, -5364.21, 805.33, 808.013, 700, 0.456862, 715.406, 0.000381972, 715.406
10, 0.23900, 1, 594.778, 1, 1, 9999, 9999, 9999, 9999, 9999, 9999, 9999, 9999, 594.778, 205.808, -5054.26, 800.121, 802.648, 700, 0.455947, 715.406, 0.000381972, 715.406
10, 0.24000, 1, 594.778, 1, 1, 9999, 9999, 9999, 9999, 9999, 9999, 9999, 9999, 594.778, 205.808, -4762.03, 795.213, 797.594, 700, 0.455084, 715.406, 0.000381972, 715.406
10, 0.24100, 1, 594.778, 1, 1, 9999, 9999, 9999, 9999, 9999, 9999, 9999, 9999, 594.778, 205.808, -4486.55, 790.589, 792.832, 700, 0.454272, 715.406, 0.000381972, 715.406
10, 0.24200, 1, 594.778, 1, 1, 9999, 9999, 9999, 9999, 9999, 9999, 9999, 9999, 594.778, 205.808, -4226.9, 786.232, 788.346, 700, 0.453506, 715.406, 0.000381972, 715.406
10, 0.24300, 1, 594.778, 1, 1, 9999, 9999, 9999, 9999, 9999, 9999, 9999, 9999, 594.778, 205.808, -3982.19, 782.128, 784.119, 700, 0.452785, 715.406, 0.000381972, 715.406
10, 0.24400, 1, 594.778, 1, 1, 9999, 9999, 9999, 9999, 9999, 9999, 9999, 9999, 594.778, 205.808, -3751.59, 778.261, 780.136, 700, 0.452106, 715.406, 0.000381972, 715.406
10, 0.24500, 1, 594.778, 1, 1, 9999, 9999, 9999, 9999, 9999, 9999, 9999, 9999, 594.778, 205.808, -3534.3, 774.618, 776.385, 700, 0.451466, 715.406, 0.000381972, 715.406
10, 0.24600, 1, 594.778, 1, 1, 9999, 9999, 9999, 9999, 9999, 9999, 9999, 9999, 594.778, 205.808, -3329.55, 771.186, 772.851, 700, 0.450863, 715.406, 0.000381972, 715.406
10, 0.24700, 1, 594.778, 1, 1, 9999, 9999, 9999, 9999, 9999, 9999, 9999, 9999, 594.778, 205.808, -3136.65, 767.953, 769.521, 700, 0.450296, 715.406, 0.000381972, 715.406
10, 0.24800, 1, 594.778, 1, 1, 9999, 9999, 9999, 9999, 9999, 9999, 9999, 9999, 594.778, 205.808, -2954.9, 764.907, 766.384, 700, 0.449761, 715.406, 0.000381972, 715.406
10, 0.24900, 1, 594.778, 1, 1, 9999, 9999, 9999, 9999, 9999, 9999, 9999, 9999, 594.778, 205.808, -2783.66, 762.038, 763.429, 700, 0.449257, 715.406, 0.000381972, 715.406
10, 0.25000, 1, 594.778, 1, 1, 9999, 9999, 9999, 9999, 9999, 9999, 9999, 9999, 594.778, 205.808, -2622.34, 759.335, 760.646, 700, 0.448782, 715.406, 0.000381972, 715.406
10, 0.25100, 1, 594.778, 1, 1, 9999, 9999, 9999, 9999, 9999, 9999, 9999, 9999, 594.778, 205.808, -2470.36, 756.788, 758.023, 700, 0.448335, 715.406, 0.000381972, 715.406
10, 0.25200, 1, 594.778, 1, 1, 9999, 9999, 9999, 9999, 9999, 9999, 9999, 9999, 594.778, 205.808, -2327.18, 754.389, 755.553, 700, 0.447914, 715.406, 0.000381972, 715.406
10, 0.25300, 1, 594.778, 1, 1, 9999, 9999, 9999, 9999, 9999, 9999, 9999, 9999, 594.778, 205.808, -2192.3, 752.13, 753.226, 700, 0.447517, 715.406, 0.000381972, 715.406
10, 0.25400, 1, 594.778, 1, 1, 9999, 9999, 9999, 9999, 9999, 9999, 9999, 9999, 594.778, 205.808, -2065.23, 750.001, 751.034, 700, 0.447143, 715.406, 0.000381972, 715.406
10, 0.25500, 1, 594.778, 1, 1, 9999, 9999, 9999, 9999, 9999, 9999, 9999, 9999, 594.778, 205.808, -1945.52, 747.996, 748.968, 700, 0.446791, 715.406, 0.000381972, 715.406
10, 0.25600, 1, 594.778, 1, 1, 9999, 9999, 9999, 9999, 9999, 9999, 9999, 9999, 594.778, 205.808, -1832.75, 746.106, 747.023, 700, 0.446459, 715.406, 0.000381972, 715.406
10, 0.25700, 1, 594.778, 1, 1, 9999, 9999, 9999, 9999, 9999, 9999, 9999, 9999, 594.778, 205.808, -1726.51, 744.327, 745.19, 700, 0.446146, 715.406, 0.000381972, 715.406
10, 0.25800, 1, 594.778, 1, 1, 9999, 9999, 9999, 9999, 9999, 9999, 9999, 9999, 594.778, 205.808, -1626.43, 742.65, 743.464, 700, 0.445852, 715.406, 0.000381972, 715.406
10, 0.25900, 1, 594.778, 1, 1, 9999, 9999, 9999, 9999, 9999, 9999, 9999, 9999, 594.778, 205.808, -1532.15, 741.071, 741.837, 700, 0.445575, 715.406, 0.000381972, 715.406
10, 0.26000, 1, 594.778, 1, 1, 9999, 9999, 9999, 9999, 9999, 9999, 9999, 9999, 594.778, 205.808, -1443.34, 739.583, 740.305, 700, 0.445313, 715.406, 0.000381972, 715.406
10, 0.26100, 1, 594.778, 1, 1, 9999, 9999, 9999, 9999, 9999, 9999, 9999, 9999, 594.778, 205.808, -1359.67, 738.182, 738.862, 700, 0.445067, 715.406, 0.000381972, 715.406
10, 0.26200, 1, 594.778, 1, 1, 9999, 9999, 9999, 9999, 9999, 9999, 9999, 9999, 594.778, 205.808, -1280.86, 736.862, 737.502, 700, 0.444835, 715.406, 0.000381972, 715.406
10, 0.26300, 1, 594.778, 1, 1, 9999, 9999, 9999, 9999, 9999, 9999, 9999, 9999, 594.778, 205.808, -1206.61, 735.618, 736.221, 700, 0.444617, 715.406, 0.000381972, 715.406
10, 0.26400, 1, 594.778, 1, 1, 9999, 9999, 9999, 9999, 9999, 9999, 9999, 9999, 594.778, 205.808, -1136.66, 734.446, 735.015, 700, 0.444411, 715.406, 0.000381972, 715.406
10, 0.26500, 1, 594.778, 1, 1, 9999, 9999, 9999, 9999, 9999, 9999, 9999, 9999, 594.778, 205.808, -1070.77, 733.342, 733.878, 700, 0.444217, 715.406, 0.000381972, 715.406
10, 0.26600, 1, 594.778, 1, 1, 9999, 9999, 9999, 9999, 9999, 9999, 9999, 9999, 594.778, 205.808, -1008.7, 732.303, 732.807, 700, 0.444035, 715.406, 0.000381972, 715.406
10, 0.26700, 1, 594.778, 1, 1, 9999, 9999, 9999, 9999, 9999, 9999, 9999, 9999, 594.778, 205.808, -950.229, 731.323, 731.798, 700, 0.443863, 715.406, 0.000381972, 715.406
10, 0.26800, 1, 594.778, 1, 1, 9999, 9999, 9999, 9999, 9999, 9999, 9999, 9999, 594.778, 205.808, -895.145, 730.401, 730.848, 700, 0.443701, 715.406, 0.000381972, 715.406
10, 0.26900, 1, 594.778, 1, 1, 9999, 9999, 9999, 9999, 9999, 9999, 9999, 9999, 594.778, 205.808, -843.255, 729.531, 729.953, 700, 0.443548, 715.406, 0.000381972, 715.406
10, 0.27000, 1, 594.778, 1, 1, 9999, 9999, 9999, 9999, 9999, 9999, 9999, 9999, 594.778, 205.808, -794.373, 728.713, 729.11, 700, 0.443404, 715.406, 0.000381972, 715.406
10, 0.27100, 1, 594.778, 1, 1, 9999, 9999, 9999, 9999, 9999, 9999, 9999, 9999, 594.778, 288.947, -218408, 619.111, 728.315, 700, 0.443269, 686.143, 0.000381972, 715.406
10, 0.27200, 1, 594.778, 1, 1, 9999, 9999, 9999, 9999, 9999, 9999, 9999, 9999, 594.778, 286.566, -97736, 461.039, 509.907, 700, 0.442849, 691.844, 0.000381972, 715.406
10, 0.27300, 1, 594.778, 1, 1, 9999, 9999, 9999, 9999, 9999, 9999, 9999, 9999, 594.778, 286.093, -66634.5, 378.854, 412.171, 700, 0.445391, 692.988, 0.000381972, 715.406
10, 0.27400, 1, 594.778, 1, 1, 9999, 9999, 9999, 9999, 9999, 9999, 9999, 9999, 594.778, 285.74, -41509.5, 324.782, 345.537, 700, 0.448748, 693.845, 0.000381972, 715.406
10, 0.27500, 1, 594.778, 1, 1, 9999, 9999, 9999, 9999, 9999, 9999, 9999, 9999, 594.778, 285.536, -23494.4, 292.28, 304.027, 700, 0.45262, 694.341, 0.000381972, 715.406
10, 0.27600, 1, 594.778, 1, 1, 9999, 9999, 9999, 9999, 9999, 9999, 9999, 9999, 594.778, 285.437, -10568.9, 275.248, 280.533, 700, 0.456793, 694.581, 0.000381972, 715.406
10, 0.27700, 1, 594.778, 1, 1, 9999, 9999, 9999, 9999, 9999, 9999, 9999, 9999, 594.778, 285.415, -1392.26, 269.268, 269.964, 700, 0.461116, 694.636, 0.000381972, 715.406
10, 0.27800, 1, 594.778, 1, 1, 9999, 9999, 9999, 9999, 9999, 9999, 9999, 9999, 594.778, 285.445, 5035.78, 271.09, 268.572, 700, 0.46548, 694.561, 0.000381972, 715.406
10, 0.27900, 1, 594.778, 1, 1, 9999, 9999, 9999, 9999, 9999, 9999, 9999, 9999, 594.778, 285.513, 9452.17, 278.334, 273.607, 700, 0.46981, 694.397, 0.000381972, 715.406
10, 0.28000, 1, 594.778, 1, 1, 9999, 9999, 9999, 9999, 9999, 9999, 9999, 9999, 594.778, 285.605, 12400.6, 289.26, 283.06, 700, 0.474056, 694.173, 0.000381972, 715.406
10, 0.28100, 1, 594.778, 1, 1, 9999, 9999, 9999, 9999, 9999, 9999, 9999, 9999, 594.778, 285.712, 14281.6, 302.601, 295.46, 700, 0.47818, 693.912, 0.000381972, 715.406
10, 0.28200, 1, 594.778, 1, 1, 9999, 9999, 9999, 9999, 9999, 9999, 9999, 9999, 594.778, 285.829, 15390.4, 317.437, 309.742, 700, 0.482161, 693.628, 0.000381972, 715.406
10, 0.28300, 1, 594.778, 1, 1, 9999, 9999, 9999, 9999, 9999, 9999, 9999, 9999, 594.778, 285.951, 15944.1, 333.104, 325.132, 700, 0.485986, 693.332, 0.000381972, 715.406
10, 0.28400, 1, 594.778, 1, 1, 9999, 9999, 9999, 9999, 9999, 9999, 9999, 9999, 594.778, 286.075, 16102.2, 349.128, 341.076, 700, 0.489645, 693.033, 0.000381972, 715.406
10, 0.28500, 1, 594.778, 1, 1, 9999, 9999, 9999, 9999, 9999, 9999, 9999, 9999, 594.778, 286.197, 15981.8, 365.169, 357.179, 700, 0.493138, 692.737, 0.000381972, 715.406
10, 0.28600, 1, 594.778, 1, 1, 9999, 9999, 9999, 9999, 9999, 9999, 9999, 9999, 594.778, 286.317, 15668.5, 380.995, 373.16, 700, 0.496464, 692.446, 0.000381972, 715.406
10, 0.28700, 1, 594.778, 1, 1, 9999, 9999, 9999, 9999, 9999, 9999, 9999, 9999, 594.778, 286.434, 15225, 396.441, 388.829, 700, 0.499627, 692.164, 0.000381972, 715.406
10, 0.28800, 1, 594.778, 1, 1, 9999, 9999, 9999, 9999, 9999, 9999, 9999, 9999, 594.778, 286.546, 14697, 411.402, 404.054, 700, 0.50263, 691.892, 0.000381972, 715.406
10, 0.28900, 1, 594.778, 1, 1, 9999, 9999, 9999, 9999, 9999, 9999, 9999, 9999, 594.778, 286.654, 14117.4, 425.81, 418.751, 700, 0.505478, 691.631, 0.000381972, 715.406
10, 0.29000, 1, 594.778, 1, 1, 9999, 9999, 9999, 9999, 9999, 9999, 9999, 9999, 594.778, 286.758, 13510.1, 439.623, 432.868, 700, 0.508178, 691.382, 0.000381972, 715.406
10, 0.29100, 1, 594.778, 1, 1, 9999, 9999, 9999, 9999, 9999, 9999, 9999, 9999, 594.778, 286.856, 12892.1, 452.824, 446.378, 700, 0.510736, 691.145, 0.000381972, 715.406
10, 0.29200, 1, 594.778, 1, 1, 9999, 9999, 9999, 9999, 9999, 9999, 9999, 9999, 594.778, 286.95, 12275.5, 465.408, 459.27, 700, 0.513158, 690.919, 0.000381972, 715.406
10, 0.29300, 1, 594.778, 1, 1, 9999, 9999, 9999, 9999, 9999, 9999, 9999, 9999, 594.778, 287.039, 11668.6, 477.38, 471.546, 700, 0.51545, 690.704, 0.000381972, 715.406
10, 0.29400, 1, 594.778, 1, 1, 9999, 9999, 9999, 9999, 9999, 9999, 9999, 9999, 594.778, 287.124, 11077.4, 488.753, 483.215, 700, 0.51762, 690.501, 0.000381972, 715.406
10, 0.29500, 1, 594.778, 1, 1, 9999, 9999, 9999, 9999, 9999, 9999, 9999, 9999, 594.778, 287.204, 10505.4, 499.545, 494.292, 700, 0.519672, 690.309, 0.000381972, 715.406
10, 0.29600, 1, 594.778, 1, 1, 9999, 9999, 9999, 9999, 9999, 9999, 9999, 9999, 594.778, 287.279, 9955.08, 509.775, 504.797, 700, 0.521613, 690.127, 0.000381972, 715.406
10, 0.29700, 1, 594.778, 1, 1, 9999, 9999, 9999, 9999, 9999, 9999, 9999, 9999, 594.778, 287.351, 9427.82, 519.466, 514.752, 700, 0.523449, 689.955, 0.000381972, 715.406
10, 0.29800, 1, 594.778, 1, 1, 9999, 9999, 9999, 9999, 9999, 9999, 9999, 9999, 594.778, 287.419, 8924.19, 528.642, 524.18, 700, 0.525185, 689.792, 0.000381972, 715.406
10, 0.29900, 1, 594.778, 1, 1, 9999, 9999, 9999, 9999, 9999, 9999, 9999, 9999, 594.778, 287.483, 8444.3, 537.326, 533.104, 700, 0.526827, 689.638, 0.000381972, 715.406
10, 0.30000, 1, 594.778, 1, 1, 9999, 9999, 9999, 9999, 9999, 9999, 9999, 9999, 594.778, 287.544, 7987.86, 545.543, 541.549, 700, 0.52838, 689.493, 0.000381972, 715.406
10, 0.30100, 1, 594.778, 1, 1, 9999, 9999, 9999, 9999, 9999, 9999, 9999, 9999, 594.778, 287.601, 7554.35, 553.314, 549.536, 700, 0.529847, 689.355, 0.000381972, 715.406
10, 0.30200, 1, 594.778, 1, 1, 9999, 9999, 9999, 9999, 9999, 9999, 9999, 9999, 594.778, 287.655, 7143.07, 560.662, 557.091, 700, 0.531235, 689.225, 0.000381972, 715.406
10, 0.30300, 1, 594.778, 1, 1, 9999, 9999, 9999, 9999, 9999, 9999, 9999, 9999, 594.778, 287.706, 6753.25, 567.611, 564.234, 700, 0.532547, 689.103, 0.000381972, 715.406
10, 0.30400, 1, 594.778, 1, 1, 9999, 9999, 9999, 9999, 9999, 9999, 9999, 9999, 594.778, 287.755, 6383.97, 574.179, 570.987, 700, 0.533787, 688.987, 0.000381972, 715.406
10, 0.30500, 1, 594.778, 1, 1, 9999, 9999, 9999, 9999, 9999, 9999, 9999, 9999, 594.778, 287.8, 6034.35, 580.388, 577.371, 700, 0.53496, 688.878, 0.000381972, 715.406
10, 0.30600, 1, 594.778, 1, 1, 9999, 9999, 9999, 9999, 9999, 9999, 9999, 9999, 594.778, 287.843, 5703.46, 586.257, 583.405, 700, 0.536068, 688.774, 0.000381972, 715.406
10, 0.30700, 1, 594.778, 1, 1, 9999, 9999, 9999, 9999, 9999, 9999, 9999, 9999, 594.778, 287.884, 5390.42, 591.804, 589.109, 700, 0.537116, 688.677, 0.000381972, 715.406
10, 0.30800, 1, 594.778, 1, 1, 9999, 9999, 9999, 9999, 9999, 9999, 9999, 9999, 594.778, 287.923, 5094.34, 597.047, 594.499, 700, 0.538107, 688.585, 0.000381972, 715.406
10, 0.30900, 1, 594.778, 1, 1, 9999, 9999, 9999, 9999, 9999, 9999, 9999, 9999, 594.778, 287.959, 4814.35, 602.001, 599.594, 700, 0.539043, 688.498, 0.000381972, 715.406
10, 0.31000, 1, 594.778, 1, 1, 9999, 9999, 9999, 9999, 9999, 9999, 9999, 9999, 594.778, 287.993, 4549.62, 606.683, 604.408, 700, 0.539928, 688.416, 0.000381972, 715.406
10, 0.31100, 1, 594.778, 1, 1, 9999, 9999, 9999, 9999, 9999, 9999, 9999, 9999, 594.778, 288.026, 4299.36, 611.107, 608.958, 700, 0.540765, 688.338, 0.000381972, 715.406
10, 0.31200, 1, 594.778, 1, 1, 9999, 9999, 9999, 9999, 9999, 9999, 9999, 9999, 594.778, 288.057, 4062.78, 615.288, 613.257, 700, 0.541556, 688.265, 0.000381972, 715.406
10, 0.31300, 1, 594.778, 1, 1, 9999, 9999, 9999, 9999, 9999, 9999, 9999, 9999, 594.778, 288.086, 3839.17, 619.239, 617.32, 700, 0.542304, 688.195, 0.000381972, 715.406
10, 0.31400, 1, 594.778, 1, 1, 9999, 9999, 9999, 9999, 9999, 9999, 9999, 9999, 594.778, 288.113, 3627.83, 622.973, 621.159, 700, 0.543011, 688.13, 0.000381972, 715.406
10, 0.31500, 1, 594.778, 1, 1, 9999, 9999, 9999, 9999, 9999, 9999, 9999, 9999, 594.778, 288.139, 3428.09, 626.501, 624.787, 700, 0.543679, 688.068, 0.000381972, 715.406
10, 0.31600, 1, 594.778, 1, 1, 9999, 9999, 9999, 9999, 9999, 9999, 9999, 9999, 594.778, 288.163, 3239.31, 629.835, 628.215, 700, 0.54431, 688.01, 0.000381972, 715.406
10, 0.31700, 1, 594.778, 1, 1, 9999, 9999, 9999, 9999, 9999, 9999, 9999, 9999, 594.778, 288.186, 3060.92, 632.985, 631.454, 700, 0.544907, 687.954, 0.000381972, 715.406
10, 0.31800, 1, 594.778, 1, 1, 9999, 9999, 9999, 9999, 9999, 9999, 9999, 9999, 594.778, 288.208, 2892.33, 635.961, 634.515, 700, 0.545471, 687.902, 0.000381972, 715.406
10, 0.31900, 1, 594.778, 1, 1, 9999, 9999, 9999, 9999, 9999, 9999, 9999, 9999, 594.778, 288.229, 2733.02, 638.774, 637.407, 700, 0.546005, 687.853, 0.000381972, 715.406
10, 0.32000, 1, 594.778, 1, 1, 9999, 9999, 9999, 9999, 9999, 9999, 9999, 9999, 594.778, 288.248, 2582.47, 641.432, 640.141, 700, 0.546509, 687.807, 0.000381972, 715.406
10, 0.32100, 1, 594.778, 1, 1, 9999, 9999, 9999, 9999, 9999, 9999, 9999, 9999, 594.778, 288.267, 2440.21, 643.943, 642.723, 700, 0.546985, 687.763, 0.000381972, 715.406
10, 0.32200, 1, 594.778, 1, 1, 9999, 9999, 9999, 9999, 9999, 9999, 9999, 9999, 594.778, 288.284, 2305.77, 646.316, 645.163, 700, 0.547436, 687.721, 0.000381972, 715.406
10, 0.32300, 1, 594.778, 1, 1, 9999, 9999, 9999, 9999, 9999, 9999, 9999, 9999, 594.778, 288.301, 2178.74, 648.558, 647.469, 700, 0.547862, 687.682, 0.000381972, 715.406
10, 0.32400, 1, 594.778, 1, 1, 9999, 9999, 9999, 9999, 9999, 9999, 9999, 9999, 594.778, 288.316, 2058.7, 650.677, 649.648, 700, 0.548264, 687.645, 0.000381972, 715.406
10, 0.32500, 1, 594.778, 1, 1, 9999, 9999, 9999, 9999, 9999, 9999, 9999, 9999, 594.778, 288.331, 1945.28, 652.679, 651.706, 700, 0.548645, 687.61, 0.000381972, 715.406
10, 0.32600, 1, 594.778, 1, 1, 9999, 9999, 9999, 9999, 9999, 9999, 9999, 9999, 594.778, 288.345, 1838.09, 654.571, 653.652, 700, 0.549004, 687.577, 0.000381972, 715.406
10, 0.32700, 1, 594.778, 1, 1, 9999, 9999, 9999, 9999, 9999, 9999, 9999, 9999, 594.778, 288.358, 1736.82, 656.358, 655.49, 700, 0.549344, 687.546, 0.000381972, 715.406
10, 0.32800, 1, 594.778, 1, 1, 9999, 9999, 9999, 9999, 9999, 9999, 9999, 9999, 594.778, 288.37, 1641.12, 658.047, 657.227, 700, 0.549666, 687.516, 0.000381972, 715.406
10, 0.32900, 1, 594.778, 1, 1, 9999, 9999, 9999, 9999, 9999, 9999, 9999, 9999, 594.778, 288.382, 1550.69, 659.643, 658.868, 700, 0.549969, 687.488, 0.000381972, 715.406
10, 0.33000, 1, 594.778, 1, 1, 9999, 9999, 9999, 9999, 9999, 9999, 9999, 9999, 594.778, 288.393, 1465.24, 661.151, 660.418, 700, 0.550256, 687.462, 0.000381972, 715.406
10, 0.33100, 1, 594.778, 1, 1, 9999, 9999, 9999, 9999, 9999, 9999, 9999, 9999, 594.778, 288.403, 1384.5, 662.576, 661.884, 700, 0.550528, 687.437, 0.000381972, 715.406
10, 0.33200, 1, 594.778, 1, 1, 9999, 9999, 9999, 9999, 9999, 9999, 9999, 9999, 594.778, 288.413, 1308.21, 663.922, 663.268, 700, 0.550784, 687.413, 0.000381972, 715.406
10, 0.33300, 1, 594.778, 1, 1, 9999, 9999, 9999, 9999, 9999, 9999, 9999, 9999, 594.778, 288.423, 1236.12, 665.194, 664.576, 700, 0.551027, 687.391, 0.000381972, 715.406
10, 0.33400, 1, 594.778, 1, 1, 9999, 9999, 9999, 9999, 9999, 9999, 9999, 9999, 594.778, 288.431, 1168, 666.396, 665.812, 700, 0.551256, 687.37, 0.000381972, 715.406
10, 0.33500, 1, 594.778, 1, 1, 9999, 9999, 9999, 9999, 9999, 9999, 9999, 9999, 594.778, 288.44, 1103.64, 667.532, 666.98, 700, 0.551473, 687.35, 0.000381972, 715.406
10, 0.33600, 1, 594.778, 1, 1, 9999, 9999, 9999, 9999, 9999, 9999, 9999, 9999, 594.778, 288.448, 1042.82, 668.605, 668.084, 700, 0.551677, 687.332, 0.000381972, 715.406
10, 0.33700, 1, 594.778, 1, 1, 9999, 9999, 9999, 9999, 9999, 9999, 9999, 9999, 594.778, 288.455, 985.355, 669.62, 669.127, 700, 0.551871, 687.314, 0.000381972, 715.406
10, 0.33800, 1, 594.778, 1, 1, 9999, 9999, 9999, 9999, 9999, 9999, 9999, 9999, 594.778, 288.462, 931.055, 670.578, 670.112, 700, 0.552054, 687.297, 0.000381972, 715.406
10, 0.33900, 1, 594.778, 1, 1, 9999, 9999, 9999, 9999, 9999, 9999, 9999, 9999, 594.778, 288.469, 879.747, 671.483, 671.043, 700, 0.552227, 687.281, 0.000381972, 715.406
10, 0.34000, 1, 594.778, 1, 1, 9999, 9999, 9999, 9999, 9999, 9999, 9999, 9999, 594.778, 288.475, 831.266, 672.339, 671.923, 700, 0.55239, 687.266, 0.000381972, 715.406
10, 0.34100, 1, 594.778, 1, 1, 9999, 9999, 9999, 9999, 9999, 9999, 9999, 9999, 594.778, 288.481, 785.457, 673.147, 672.754, 700, 0.552545, 687.252, 0.000381972, 715.406
10, 0.34200, 1, 594.778, 1, 1, 9999, 9999, 9999, 9999, 9999, 9999, 9999, 9999, 594.778, 288.487, 742.172, 673.911, 673.54, 700, 0.552691, 687.239, 0.000381972, 715.406
10, 0.34300, 1, 594.778, 1, 1, 9999, 9999, 9999, 9999, 9999, 9999, 9999, 9999, 594.778, 288.492, 701.272, 674.633, 674.282, 700, 0.552829, 687.226, 0.000381972, 715.406
10, 0.34400, 1, 594.778, 1, 1, 9999, 9999, 9999, 9999, 9999, 9999, 9999, 9999, 594.778, 288.497, 662.626, 675.315, 674.983, 700, 0.552959, 687.214, 0.000381972, 715.406
10, 0.34500, 1, 594.778, 1, 1, 9999, 9999, 9999, 9999, 9999, 9999, 9999, 9999, 594.778, 288.502, 626.11, 675.959, 675.646, 700, 0.553083, 687.203, 0.000381972, 715.406
10, 0.34600, 1, 594.778, 1, 1, 9999, 9999, 9999, 9999, 9999, 9999, 9999, 9999, 594.778, 288.506, 591.606, 676.568, 676.272, 700, 0.553199, 687.192, 0.000381972, 715.406
10, 0.34700, 1, 594.778, 1, 1, 9999, 9999, 9999, 9999, 9999, 9999, 9999, 9999, 594.778, 288.51, 559.004, 677.143, 676.864, 700, 0.55331, 687.182, 0.000381972, 715.406
10, 0.34800, 1, 594.778, 1, 1, 9999, 9999, 9999, 9999, 9999, 9999, 9999, 9999, 594.778, 288.514, 528.198, 677.687, 677.423, 700, 0.553414, 687.173, 0.000381972, 715.406
10, 0.34900, 1, 594.778, 1, 1, 9999, 9999, 9999, 9999, 9999, 9999, 9999, 9999, 594.778, 288.518, 499.09, 678.2, 677.951, 700, 0.553512, 687.164, 0.000381972, 715.406
10, 0.35000, 1, 594.778, 1, 1, 9999, 9999, 9999, 9999, 9999, 9999, 9999, 9999, 594.778, 288.522, 471.587, 678.686, 678.45, 700, 0.553605, 687.155, 0.000381972, 715.406
10, 0.35100, 1, 594.778, 1, 1, 9999, 9999, 9999, 9999, 9999, 9999, 9999, 9999, 594.778, 288.525, 445.598, 679.144, 678.921, 700, 0.553693, 687.147, 0.000381972, 715.406
10, 0.35200, 1, 594.778, 1, 1, 9999, 9999, 9999, 9999, 9999, 9999, 9999, 9999, 594.778, 288.528, 421.043, 679.578, 679.367, 700, 0.553776, 687.14, 0.000381972, 715.406
10, 0.35300, 1, 594.778, 1, 1, 9999, 9999, 9999, 9999, 9999, 9999, 9999, 9999, 594.778, 288.531, 397.84, 679.987, 679.788, 700, 0.553855, 687.132, 0.000381972, 715.406
10, 0.35400, 1, 594.778, 1, 1, 9999, 9999, 9999, 9999, 9999, 9999, 9999, 9999, 594.778, 288.534, 375.916, 680.374, 680.186, 700, 0.553929, 687.126, 0.000381972, 715.406
10, 0.35500, 1, 594.778, 1, 1, 9999, 9999, 9999, 9999, 9999, 9999, 9999, 9999, 594.778, 288.537, 355.201, 680.739, 680.562, 700, 0.553999, 687.119, 0.000381972, 715.406
10, 0.35600, 1, 594.778, 1, 1, 9999, 9999, 9999, 9999, 9999, 9999, 9999, 9999, 594.778, 288.539, 335.627, 681.085, 680.917, 700, 0.554066, 687.113, 0.000381972, 715.406
10, 0.35700, 1, 594.778, 1, 1, 9999, 9999, 9999, 9999, 9999, 9999, 9999, 9999, 594.778, 288.542, 317.132, 681.411, 681.253, 700, 0.554128, 687.107, 0.000381972, 715.406
10, 0.35800, 1, 594.778, 1, 1, 9999, 9999, 9999, 9999, 9999, 9999, 9999, 9999, 594.778, 288.544, 299.656, 681.72, 681.57, 700, 0.554188, 687.102, 0.000381972, 715.406
10, 0.35900, 1, 594.778, 1, 1, 9999, 9999, 9999, 9999, 9999, 9999, 9999, 9999, 594.778, 288.546, 283.143, 682.011, 681.869, 700, 0.554244, 687.097, 0.000381972, 715.406
10, 0.36000, 1, 594.778, 1, 1, 9999, 9999, 9999, 9999, 9999, 9999, 9999, 9999, 594.778, 288.548, 267.54, 682.286, 682.153, 700, 0.554297, 687.092, 0.000381972, 715.406
10, 0.36100, 1, 594.778, 1, 1, 9999, 9999, 9999, 9999, 9999, 9999, 9999, 9999, 594.778, 288.55, 252.798, 682.547, 682.42, 700, 0.554347, 687.088, 0.000381972, 715.406
10, 0.36200, 1, 594.778, 1, 1, 9999, 9999, 9999, 9999, 9999, 9999, 9999, 9999, 594.778, 288.552, 238.867, 682.792, 682.673, 700, 0.554394, 687.083, 0.000381972, 715.406
10, 0.36300, 1, 594.778, 1, 1, 9999, 9999, 9999, 9999, 9999, 9999, 9999, 9999, 594.778, 288.554, 225.705, 683.025, 682.912, 700, 0.554439, 687.079, 0.000381972, 715.406
10, 0.36400, 1, 594.778, 1, 1, 9999, 9999, 9999, 9999, 9999, 9999, 9999, 9999, 594.778, 288.555, 213.268, 683.244, 683.138, 700, 0.554481, 687.075, 0.000381972, 715.406
10, 0.36500, 1, 594.778, 1, 1, 9999, 9999, 9999, 9999, 9999, 9999, 9999, 9999, 594.778, 288.557, 201.516, 683.452, 683.351, 700, 0.554521, 687.072, 0.000381972, 715.406
10, 0.36600, 1, 594.778, 1, 1, 9999, 9999, 9999, 9999, 9999, 9999, 9999, 9999, 594.778, 288.558, 190.412, 683.648, 683.552, 700, 0.554559, 687.068, 0.000381972, 715.406
10, 0.36700, 1, 594.778, 1, 1, 9999, 9999, 9999, 9999, 9999, 9999, 9999, 9999, 594.778, 288.56, 179.92, 683.833, 683.743, 700, 0.554595, 687.065, 0.000381972, 715.406
10, 0.36800, 1, 594.778, 1, 1, 9999, 9999, 9999, 9999, 9999, 9999, 9999, 9999, 594.778, 288.561, 170.006, 684.008, 683.923, 700, 0.554628, 687.062, 0.000381972, 715.406
10, 0.36900, 1, 594.778, 1, 1, 9999, 9999, 9999, 9999, 9999, 9999, 9999, 9999, 594.778, 288.562, 160.638, 684.173, 684.093, 700, 0.55466, 687.059, 0.000381972, 715.406
10, 0.37000, 1, 594.778, 1, 1, 9999, 9999, 9999, 9999, 9999, 9999, 9999, 9999, 594.778, 288.563, 151.787, 684.329, 684.253, 700, 0.554691, 687.056, 0.000381972, 715.406
10, 0.37100, 1, 594.778, 1, 1, 9999, 9999, 9999, 9999, 9999, 9999, 9999, 9999, 594.778, 288.564, 143.424, 684.477, 684.405, 700, 0.554719, 687.054, 0.000381972, 715.406
10, 0.37200, 1, 594.778, 1, 1, 9999, 9999, 9999, 9999, 9999, 9999, 9999, 9999, 594.778, 288.565, 135.521, 684.616, 684.548, 700, 0.554746, 687.051, 0.000381972, 715.406
10, 0.37300, 1, 594.778, 1, 1, 9999, 9999, 9999, 9999, 9999, 9999, 9999, 9999, 594.778, 288.566, 128.054, 684.748, 684.684, 700, 0.554771, 687.049, 0.000381972, 715.406
10, 0.37400, 1, 594.778, 1, 1, 9999, 9999, 9999, 9999, 9999, 9999, 9999, 9999, 594.778, 288.567, 120.998, 684.873, 684.812, 700, 0.554796, 687.047, 0.000381972, 715.406
10, 0.37500, 1, 594.778, 1, 1, 9999, 9999, 9999, 9999, 9999, 9999, 9999, 9999, 594.778, 288.568, 114.332, 684.99, 684.933, 700, 0.554818, 687.044, 0.000381972, 715.406
10, 0.37600, 1, 594.778, 1, 1, 9999, 9999, 9999, 9999, 9999, 9999, 9999, 9999, 594.778, 288.569, 108.032, 685.101, 685.047, 700, 0.55484, 687.043, 0.000381972, 715.406
10, 0.37700, 1, 594.778, 1, 1, 9999, 9999, 9999, 9999, 9999, 9999, 9999, 9999, 594.778, 288.57, 102.08, 685.206, 685.155, 700, 0.55486, 687.041, 0.000381972, 715.406
10, 0.37800, 1, 594.778, 1, 1, 9999, 9999, 9999, 9999, 9999, 9999, 9999, 9999, 594.778, 288.571, 96.4557, 685.306, 685.258, 700, 0.554879, 687.039, 0.000381972, 715.406
10, 0.37900, 1, 594.778, 1, 1, 9999, 9999, 9999, 9999, 9999, 9999, 9999, 9999, 594.778, 288.571, 91.1415, 685.4, 685.354, 700, 0.554897, 687.037, 0.000381972, 715.406
10, 0.38000, 1, 594.778, 1, 1, 9999, 9999, 9999, 9999, 9999, 9999, 9999, 9999, 594.778, 288.572, 86.1201, 685.488, 685.445, 700, 0.554915, 687.036, 0.000381972, 715.406
10, 0.38100, 1, 594.778, 1, 1, 9999, 9999, 9999, 9999, 9999, 9999, 9999, 9999, 594.778, 288.573, 81.3754, 685.572, 685.531, 700, 0.554931, 687.034, 0.000381972, 715.406
10, 0.38200, 1, 594.778, 1, 1, 9999, 9999, 9999, 9999, 9999, 9999, 9999, 9999, 594.778, 288.573, 76.8921, 685.651, 685.613, 700, 0.554946, 687.033, 0.000381972, 715.406
10, 0.38300, 1, 594.778, 1, 1, 9999, 9999, 9999, 9999, 9999, 9999, 9999, 9999, 594.778, 288.574, 72.6559, 685.726, 685.69, 700, 0.554961, 687.031, 0.000381972, 715.406
10, 0.38400, 1, 594.778, 1, 1, 9999, 9999, 9999, 9999, 9999, 9999, 9999, 9999, 594.778, 288.574, 68.6532, 685.796, 685.762, 700, 0.554974, 687.03, 0.000381972, 715.406
10, 0.38500, 1, 594.778, 1, 1, 9999, 9999, 9999, 9999, 9999, 9999, 9999, 9999, 594.778, 288.575, 64.871, 685.863, 685.831, 700, 0.554987, 687.029, 0.000381972, 715.406
10, 0.38600, 1, 594.778, 1, 1, 9999, 9999, 9999, 9999, 9999, 9999, 9999, 9999, 594.778, 288.575, 61.2972, 685.926, 685.896, 700, 0.555, 687.028, 0.000381972, 715.406
10, 0.38700, 1, 594.778, 1, 1, 9999, 9999, 9999, 9999, 9999, 9999, 9999, 9999, 594.778, 288.576, 57.9203, 685.986, 685.957, 700, 0.555011, 687.027, 0.000381972, 715.406
10, 0.38800, 1, 594.778, 1, 1, 9999, 9999, 9999, 9999, 9999, 9999, 9999, 9999, 594.778, 288.576, 54.4232, 686.042, 686.015, 700, 0.555022, 687.026, 0.000381972, 715.406
10, 0.38900, 1, 594.778, 1, 1, 9999, 9999, 9999, 9999, 9999, 9999, 9999, 9999, 594.778, 288.577, 51.5189, 686.095, 686.069, 700, 0.555032, 687.025, 0.000381972, 715.406
10, 0.39000, 1, 594.778, 1, 1, 9999, 9999, 9999, 9999, 9999, 9999, 9999, 9999, 594.778, 288.577, 48.8928, 686.145, 686.121, 700, 0.555042, 687.024, 0.000381972, 715.406
10, 0.39100, 1, 594.778, 1, 1, 9999, 9999, 9999, 9999, 9999, 9999, 9999, 9999, 594.778, 288.577, 46.3746, 686.193, 686.17, 700, 0.555051, 687.023, 0.000381972, 715.406
10, 0.39200, 1, 594.778, 1, 1, 9999, 9999, 9999, 9999, 9999, 9999, 9999, 9999, 594.778, 288.577, 43.9735, 686.238, 686.216, 700, 0.55506, 687.023, 0.000381972, 715.406
10, 0.39300, 1, 594.778, 1, 1, 9999, 9999, 9999, 9999, 9999, 9999, 9999, 9999, 594.778, 288.578, 41.6769, 686.281, 686.26, 700, 0.555068, 687.022, 0.000381972, 715.406
10, 0.39400, 1, 594.778, 1, 1, 9999, 9999, 9999, 9999, 9999, 9999, 9999, 9999, 594.778, 288.578, 39.4801, 686.321, 686.302, 700, 0.555076, 687.022, 0.000381972, 715.406
10, 0.39500, 1, 594.778, 1, 1, 9999, 9999, 9999, 9999, 9999, 9999, 9999, 9999, 594.778, 288.578, 24.2829, 686.353, 686.341, 700, 0.555084, 687.021, 0.000381972, 715.406
10, 0.39600, 1, 594.778, 1, 1, 9999, 9999, 9999, 9999, 9999, 9999, 9999, 9999, 594.778, 288.578, 17.0814, 686.374, 686.366, 700, 0.555084, 687.021, 0.000381972, 715.406
10, 0.39700, 1, 594.778, 1, 1, 9999, 9999, 9999, 9999, 9999, 9999, 9999, 9999, 594.778, 288.578, 11.955, 686.389, 686.383, 700, 0.555084, 687.02, 0.000381972, 715.406
10, 0.39800, 1, 594.778, 1, 1, 9999, 9999, 9999, 9999, 9999, 9999, 9999, 9999, 594.778, 288.578, 8.36324, 686.399, 686.395, 700, 0.555084, 687.02, 0.000381972, 715.406
10, 0.39900, 1, 594.778, 1, 1, 9999, 9999, 9999, 9999, 9999, 9999, 9999, 9999, 594.778, 288.578, 5.85265, 686.406, 686.403, 700, 0.555084, 687.02, 0.000381972, 715.406
10, 0.40000, 1, 594.778, 1, 1, 9999, 9999, 9999, 9999, 9999, 9999, 9999, 9999, 594.778, 288.578, 4.09638, 686.411, 686.409, 700, 0.555084, 687.02, 0.000381972, 715.406
10, 0.40100, 1, 594.778, 1, 1, 9999, 9999, 9999, 9999, 9999, 9999, 9999, 9999, 594.778, 288.578, 2.86767, 686.414, 686.413, 700, 0.555084, 687.02, 0.000381972, 715.406
10, 0.40200, 1, 594.778, 1, 1, 9999, 9999, 9999, 9999, 9999, 9999, 9999, 9999, 594.778, 288.579, 2.0079, 686.417, 686.416, 700, 0.555084, 687.02, 0.000381972, 715.406
10, 0.40300, 1, 594.778, 1, 1, 9999, 9999, 9999, 9999, 9999, 9999, 9999, 9999, 594.778, 288.579, 1.40616, 686.418, 686.418, 700, 0.555084, 687.02, 0.000381972, 715.406
10, 0.40400, 1, 594.778, 1, 1, 9999, 9999, 9999, 9999, 9999, 9999, 9999, 9999, 594.778, 288.579, 0.984946, 686.42, 686.419, 700, 0.555084, 687.02, 0.000381972, 715.406
10, 0.40500, 1, 594.778, 1, 1, 9999, 9999, 9999, 9999, 9999, 9999, 9999, 9999, 594.778, 288.579, 0.690038, 686.42, 686.42, 700, 0.555084, 687.02, 0.000381972, 715.406
10, 0.40600, 1, 594.778, 1, 1, 9999, 9999, 9999, 9999, 9999, 9999, 9999, 9999, 594.778, 288.579, 0.483523, 686.421, 686.421, 700, 0.555084, 687.02, 0.000381972, 715.406
10, 0.40700, 1, 594.778, 1, 1, 9999, 9999, 9999, 9999, 9999, 9999, 9999, 9999, 594.778, 288.579, 0.338879, 686.421, 686.421, 700, 0.555084, 687.02, 0.000381972, 715.406
10, 0.40800, 1, 594.778, 1, 1, 9999, 9999, 9999, 9999, 9999, 9999, 9999, 9999, 594.778, 288.579, 0.237551, 686.422, 686.422, 700, 0.555084, 687.02, 0.000381972, 715.406
10, 0.40900, 1, 594.778, 1, 1, 9999, 9999, 9999, 9999, 9999, 9999, 9999, 9999, 594.778, 288.579, 0.166553, 686.422, 686.422, 700, 0.555084, 687.02, 0.000381972, 715.406
10, 0.41000, 1, 594.778, 1, 1, 9999, 9999, 9999, 9999, 9999, 9999, 9999, 9999, 594.778, 288.579, 0.116798, 686.422, 686.422, 700, 0.555084, 687.02, 0.000381972, 715.406
10, 0.41100, 1, 594.778, 1, 1, 9999, 9999, 9999, 9999, 9999, 9999, 9999, 9999, 594.778, 288.579, 0.0819215, 686.422, 686.422, 700, 0.555084, 687.02, 0.000381972, 715.406
10, 0.41200, 1, 594.778, 1, 1, 9999, 9999, 9999, 9999, 9999, 9999, 9999, 9999, 594.778, 288.579, 0.0574706, 686.422, 686.422, 700, 0.555084, 687.02, 0.000381972, 715.406
10, 0.41300, 1, 594.778, 1, 1, 9999, 9999, 9999, 9999, 9999, 9999, 9999, 9999, 594.778, 288.579, 0.0403252, 686.422, 686.422, 700, 0.555084, 687.02, 0.000381972, 715.406
10, 0.41400, 1, 594.778, 1, 1, 9999, 9999, 9999, 9999, 9999, 9999, 9999, 9999, 594.778, 288.579, 0.0283002, 686.422, 686.422, 700, 0.555084, 687.02, 0.000381972, 715.406
10, 0.41500, 1, 594.778, 1, 1, 9999, 9999, 9999, 9999, 9999, 9999, 9999, 9999, 594.778, 288.579, 0.0198648, 686.422, 686.422, 700, 0.555084, 687.02, 0.000381972, 715.406
10, 0.41600, 1, 594.778, 1, 1, 9999, 9999, 9999, 9999, 9999, 9999, 9999, 9999, 594.778, 288.579, 0.0139464, 686.422, 686.422, 700, 0.555084, 687.02, 0.000381972, 715.406
10, 0.41700, 1, 594.778, 1, 1, 9999, 9999, 9999, 9999, 9999, 9999, 9999, 9999, 594.778, 288.579, 0.00979307, 686.422, 686.422, 700, 0.555084, 687.02, 0.000381972, 715.406
10, 0.41800, 1, 594.778, 1, 1, 9999, 9999, 9999, 9999, 9999, 9999, 9999, 9999, 594.778, 288.579, 0.0068779, 686.422, 686.422, 700, 0.555084, 687.02, 0.000381972, 715.406
10, 0.41900, 1, 594.778, 1, 1, 9999, 9999, 9999, 9999, 9999, 9999, 9999, 9999, 594.778, 288.579, 0.00483138, 686.422, 686.422, 700, 0.555084, 687.02, 0.000381972, 715.406
10, 0.42000, 1, 594.778, 1, 1, 9999, 9999, 9999, 9999, 9999, 9999, 9999, 9999, 594.778, 288.579, 0.00339442, 686.422, 686.422, 700, 0.555084, 687.02, 0.000381972, 715.406
10, 0.42100, 1, 594.778, 1, 1, 9999, 9999, 9999, 9999, 9999, 9999, 9999, 9999, 594.778, 288.579, 0.00238525, 686.422, 686.422, 700, 0.555084, 687.02, 0.000381972, 715.406
10, 0.42200, 1, 594.778, 1, 1, 9999, 9999, 9999, 9999, 9999, 9999, 9999, 9999, 594.778, 288.579, 0.00167642, 686.422, 686.422, 700, 0.555084, 687.02, 0.000381972, 715.406
10, 0.42300, 1, 594.778, 1, 1, 9999, 9999, 9999, 9999, 9999, 9999, 9999, 9999, 594.778, 288.579, 0.00117842, 686.422, 686.422, 700, 0.555084, 687.02, 0.000381972, 715.406
10, 0.42400, 1, 594.778, 1, 1, 9999, 9999, 9999, 9999, 9999, 9999, 9999, 9999, 594.778, 288.579, 0.000828499, 686.422, 686.422, 700, 0.555084, 687.02, 0.000381972, 715.406
10, 0.42500, 1, 594.778, 1, 1, 9999, 9999, 9999, 9999, 9999, 9999, 9999, 9999, 594.778, 288.579, 0.000582588, 686.422, 686.422, 700, 0.555084, 687.02, 0.000381972, 715.406
10, 0.42600, 1, 594.778, 1, 1, 9999, 9999, 9999, 9999, 9999, 9999, 9999, 9999, 594.778, 288.579, 0.000409728, 686.422, 686.422, 700, 0.555084, 687.02, 0.000381972, 715.406
10, 0.42700, 1, 594.778, 1, 1, 9999, 9999, 9999, 9999, 9999, 9999, 9999, 9999, 594.778, 288.579, 0.000288205, 686.422, 686.422, 700, 0.555084, 687.02, 0.000381972, 715.406
10, 0.42800, 1, 594.778, 1, 1, 9999, 9999, 9999, 9999, 9999, 9999, 9999, 9999, 594.778, 288.579, 0.000202754, 686.422, 686.422, 700, 0.555084, 687.02, 0.000381972, 715.406
10, 0.42900, 1, 594.778, 1, 1, 9999, 9999, 9999, 9999, 9999, 9999, 9999, 9999, 594.778, 288.579, 0.000142662, 686.422, 686.422, 700, 0.555084, 687.02, 0.000381972, 715.406
10, 0.43000, 1, 594.778, 1, 1, 9999, 9999, 9999, 9999, 9999, 9999, 9999, 9999, 594.778, 288.579, 0.000100391, 686.422, 686.422, 700, 0.555084, 687.02, 0.000381972, 715.406
10, 0.43100, 1, 594.778, 1, 1, 9999, 9999, 9999, 9999, 9999, 9999, 9999, 9999, 594.778, 288.579, 0.000070659, 686.422, 686.422, 700, 0.555084, 687.02, 0.000381972, 715.406
10, 0.43200, 1, 594.778, 1, 1, 9999, 9999, 9999, 9999, 9999, 9999, 9999, 9999, 594.778, 288.579, 0.0000497391, 686.422, 686.422, 700, 0.555084, 687.02, 0.000381972, 715.406
10, 0.43300, 1, 594.778, 1, 1, 9999, 9999, 9999, 9999, 9999, 9999, 9999, 9999, 594.778, 288.579, 0.000035018, 686.422, 686.422, 700, 0.555084, 687.02, 0.000381972, 715.406
10, 0.43400, 1, 594.778, 1, 1, 9999, 9999, 9999, 9999, 9999, 9999, 9999, 9999, 594.778, 288.579, 0.0000246561, 686.422, 686.422, 700, 0.555084, 687.02, 0.000381972, 715.406
10, 0.43500, 1, 594.778, 1, 1, 9999, 9999, 9999, 9999, 9999, 9999, 9999, 9999, 594.778, 288.579, 0.0000173628, 686.422, 686.422, 700, 0.555084, 687.02, 0.000381972, 715.406
10, 0.43600, 1, 594.778, 1, 1, 9999, 9999, 9999, 9999, 9999, 9999, 9999, 9999, 594.778, 288.579, 0.00001223, 686.422, 686.422, 700, 0.555084, 687.02, 0.000381972, 715.406
10, 0.43700, 1, 594.778, 1, 1, 9999, 9999, 9999, 9999, 9999, 9999, 9999, 9999, 594.778, 288.579, 8.61122E-6, 686.422, 686.422, 700, 0.555084, 687.02, 0.000381972, 715.406
10, 0.43800, 1, 594.778, 1, 1, 9999, 9999, 9999, 9999, 9999, 9999, 9999, 9999, 594.778, 288.579, 6.0696E-6, 686.422, 686.422, 700, 0.555084, 687.02, 0.000381972, 715.406
10, 0.43900, 1, 594.778, 1, 1, 9999, 9999, 9999, 9999, 9999, 9999, 9999, 9999, 594.778, 288.579, 4.27577E-6, 686.422, 686.422, 700, 0.555084, 687.02, 0.000381972, 715.406
10, 0.44000, 1, 594.778, 1, 1, 9999, 9999, 9999, 9999, 9999, 9999, 9999, 9999, 594.778, 288.579, 3.01129E-6, 686.422, 686.422, 700, 0.555084, 687.02, 0.000381972, 715.406
10, 0.44100, 1, 594.778, 1, 1, 9999, 9999, 9999, 9999, 9999, 9999, 9999, 9999, 594.778, 288.579, 2.12196E-6, 686.422, 686.422, 700, 0.555084, 687.02, 0.000381972, 715.406
10, 0.44200, 1, 594.778, 1, 1, 9999, 9999, 9999, 9999, 9999, 9999, 9999, 9999, 594.778, 288.579, 1.49575E-6, 686.422, 686.422, 700, 0.555084, 687.02, 0.000381972, 715.406
10, 0.44300, 1, 594.778, 1, 1, 9999, 9999, 9999, 9999, 9999, 9999, 9999, 9999, 594.778, 288.579, 1.05808E-6, 686.422, 686.422, 700, 0.555084, 687.02, 0.000381972, 715.406
10, 0.44400, 1, 594.778, 1, 1, 9999, 9999, 9999, 9999, 9999, 9999, 9999, 9999, 594.778, 288.579, 7.40507E-7, 686.422, 686.422, 700, 0.555084, 687.02, 0.000381972, 715.406
10, 0.44500, 1, 594.778, 1, 1, 9999, 9999, 9999, 9999, 9999, 9999, 9999, 9999, 594.778, 288.579, 5.24724E-7, 686.422, 686.422, 700, 0.555084, 687.02, 0.000381972, 715.406
10, 0.44600, 1, 594.778, 1, 1, 9999, 9999, 9999, 9999, 9999, 9999, 9999, 9999, 594.778, 288.579, 3.67872E-7, 686.422, 686.422, 700, 0.555084, 687.02, 0.000381972, 715.406
10, 0.44700, 1, 594.778, 1, 1, 9999, 9999, 9999, 9999, 9999, 9999, 9999, 9999, 594.778, 288.579, 2.6013E-7, 686.422, 686.422, 700, 0.555084, 687.02, 0.000381972, 715.406
10, 0.44800, 1, 594.778, 1, 1, 9999, 9999, 9999, 9999, 9999, 9999, 9999, 9999, 594.778, 288.579, 1.84085E-7, 686.422, 686.422, 700, 0.555084, 687.02, 0.000381972, 715.406
10, 0.44900, 1, 594.778, 1, 1, 9999, 9999, 9999, 9999, 9999, 9999, 9999, 9999, 594.778, 288.579, 1.31107E-7, 686.422, 686.422, 700, 0.555084, 687.02, 0.000381972, 715.406
10, 0.45000, 1, 594.778, 1, 1, 9999, 9999, 9999, 9999, 9999, 9999, 9999, 9999, 594.778, 288.579, 9.2861E-8, 686.422, 686.422, 700, 0.555084, 687.02, 0.000381972, 715.406
10, 0.45100, 1, 594.778, 1, 1, 9999, 9999, 9999, 9999, 9999, 9999, 9999, 9999, 594.778, 288.579, 6.4586E-8, 686.422, 686.422, 700, 0.555084, 687.02, 0.000381972, 715.406
10, 0.45200, 1, 594.778, 1, 1, 9999, 9999, 9999, 9999, 9999, 9999, 9999, 9999, 594.778, 288.579, 4.74722E-8, 686.422, 686.422, 700, 0.555084, 687.02, 0.000381972, 715.406
10, 0.45300, 1, 594.778, 1, 1, 9999, 9999, 9999, 9999, 9999, 9999, 9999, 9999, 594.778, 288.579, 3.21442E-8, 686.422, 686.422, 700, 0.555084, 687.02, 0.000381972, 715.406
10, 0.45400, 1, 594.778, 1, 1, 9999, 9999, 9999, 9999, 9999, 9999, 9999, 9999, 594.778, 288.579, 2.4257E-8, 686.422, 686.422, 700, 0.555084, 687.02, 0.000381972, 715.406
10, 0.45500, 1, 594.778, 1, 1, 9999, 9999, 9999, 9999, 9999, 9999, 9999, 9999, 594.778, 288.579, 1.54768E-8, 686.422, 686.422, 700, 0.555084, 687.02, 0.000381972, 715.406
10, 0.45600, 1, 594.778, 1, 1, 9999, 9999, 9999, 9999, 9999, 9999, 9999, 9999, 594.778, 288.579, 1.131E-8, 686.422, 686.422, 700, 0.555084, 687.02, 0.000381972, 715.406
10, 0.45700, 1, 594.778, 1, 1, 9999, 9999, 9999, 9999, 9999, 9999, 9999, 9999, 594.778, 288.579, 6.10144E-9, 686.422, 686.422, 700, 0.555084, 687.02, 0.000381972, 715.406
10, 0.45800, 1, 594.778, 1, 1, 9999, 9999, 9999, 9999, 9999, 9999, 9999, 9999, 594.778, 288.579, 4.46447E-9, 686.422, 686.422, 700, 0.555084, 687.02, 0.000381972, 715.406
10, 0.45900, 1, 594.778, 1, 1, 9999, 9999, 9999, 9999, 9999, 9999, 9999, 9999, 594.778, 288.579, 4.7621E-9, 686.422, 686.422, 700, 0.555084, 687.02, 0.000381972, 715.406
10, 0.46000, 1, 594.778, 1, 1, 9999, 9999, 9999, 9999, 9999, 9999, 9999, 9999, 594.778, 288.579, 5.95263E-10, 686.422, 686.422, 700, 0.555084, 687.02, 0.000381972, 715.406
10, 0.46100, 1, 594.778, 1, 1, 9999, 9999, 9999, 9999, 9999, 9999, 9999, 9999, 594.778, 288.579, -2.97631E-10, 686.422, 686.422, 700, 0.555084, 687.02, 0.000381972, 715.406
10, 0.46200, 1, 594.778, 1, 1, 9999, 9999, 9999, 9999, 9999, 9999, 9999, 9999, 594.778, 288.579, -4.46447E-10, 686.422, 686.422, 700, 0.555084, 687.02, 0.000381972, 715.406
10, 0.46300, 1, 594.778, 1, 1, 9999, 9999, 9999, 9999, 9999, 9999, 9999, 9999, 594.778, 288.579, 1.48816E-9, 686.422, 686.422, 700, 0.555084, 687.02, 0.000381972, 715.406
10, 0.46400, 1, 594.778, 1, 1, 9999, 9999, 9999, 9999, 9999, 9999, 9999, 9999, 594.778, 288.579, -8.92894E-10, 686.422, 686.422, 700, 0.555084, 687.02, 0.000381972, 715.406
10, 0.46500, 1, 594.778, 1, 1, 9999, 9999, 9999, 9999, 9999, 9999, 9999, 9999, 594.778, 288.579, 1.48816E-9, 686.422, 686.422, 700, 0.555084, 687.02, 0.000381972, 715.406
10, 0.46600, 1, 594.778, 1, 1, 9999, 9999, 9999, 9999, 9999, 9999, 9999, 9999, 594.778, 288.579, 3.27395E-9, 686.422, 686.422, 700, 0.555084, 687.02, 0.000381972, 715.406
10, 0.46700, 1, 594.778, 1, 1, 9999, 9999, 9999, 9999, 9999, 9999, 9999, 9999, 594.778, 288.579, -1.04171E-9, 686.422, 686.422, 700, 0.555084, 687.02, 0.000381972, 715.406
10, 0.46800, 1, 594.778, 1, 1, 9999, 9999, 9999, 9999, 9999, 9999, 9999, 9999, 594.778, 288.579, 1.04171E-9, 686.422, 686.422, 700, 0.555084, 687.02, 0.000381972, 715.406
10, 0.46900, 1, 594.778, 1, 1, 9999, 9999, 9999, 9999, 9999, 9999, 9999, 9999, 594.778, 288.579, -1.33934E-9, 686.422, 686.422, 700, 0.555084, 687.02, 0.000381972, 715.406
10, 0.47000, 1, 594.778, 1, 1, 9999, 9999, 9999, 9999, 9999, 9999, 9999, 9999, 594.778, 288.579, 4.46447E-10, 686.422, 686.422, 700, 0.555084, 687.02, 0.000381972, 715.406
