hour,t(sec),"P1 (kW)","Q1 (kvar)","P2 (kW)","Q2 (kvar)","P3 (kW)","Q3 (kvar)"
10, 0.00100, 0, 0, 0, 0, 0, 0
10, 0.00200, -0.161974, 0.000010944, -1.82835, -0.000377771, -1.05091, -0.000135838
10, 0.00300, -5.302, -0.000961712, -7.48309, -0.001098, -6.47424, -0.000993783
10, 0.00400, -12.6331, -0.0016106, -15.1436, -0.00154009, -14.0112, -0.00148513
10, 0.00500, -21.398, -0.00187465, -24.1163, -0.00163956, -22.9189, -0.00162517
10, 0.00600, -31.0474, -0.00181991, -33.8857, -0.0014738, -32.6657, -0.00148331
10, 0.00700, -41.1837, -0.0015514, -44.079, -0.00113771, -42.8655, -0.00115832
10, 0.00800, -51.5202, -0.0011663, -54.4272, -0.000715763, -53.2403, -0.000738866
10, 0.00900, -61.8522, -0.00073855, -64.7386, -0.000270873, -63.5916, -0.000291575
10, 0.01000, -72.0354, -0.000317862, -74.8786, 0.000155385, -73.7799, 0.00013925
10, 0.01100, -81.9705, 0.0000660704, -84.7544, 0.00053872, -83.7088, 0.000527531
10, 0.01200, -91.5906, 0.000398222, -94.3044, 0.000867412, -93.3143, 0.000860503
10, 0.01300, -100.853, 0.000673462, -103.489, 0.00113816, -102.556, 0.00113435
10, 0.01400, -109.733, 0.00089282, -112.287, 0.00135289, -111.409, 0.00135083
10, 0.01500, -118.218, 0.00106081, -120.688, 0.00151642, -119.864, 0.0015148
10, 0.01600, -126.305, 0.00118361, -128.689, 0.00163496, -127.917, 0.00163262
10, 0.01700, -133.997, 0.00126794, -136.295, 0.00171506, -135.573, 0.00171107
10, 0.01800, -141.302, 0.00132031, -143.514, 0.00176307, -142.84, 0.0017567
10, 0.01900, -148.231, 0.00134671, -150.359, 0.00178481, -149.73, 0.00177554
10, 0.02000, -154.797, 0.00135243, -156.842, 0.0017854, -156.256, 0.0017729
10, 0.02100, -161.014, 0.00134197, -162.979, 0.00176925, -162.432, 0.00175335
10, 0.02200, -166.898, 0.00131912, -168.783, 0.00174008, -168.275, 0.00172074
10, 0.02300, -172.463, 0.00128699, -174.272, 0.001701, -173.798, 0.00167828
10, 0.02400, -177.724, 0.00124813, -179.459, 0.00165454, -179.018, 0.00162859
10, 0.02500, -182.697, 0.00121696, -184.36, 0.00160116, -183.95, 0.00156386
10, 0.02600, -187.397, 0.0011864, -188.99, 0.00154053, -188.608, 0.00149268
10, 0.02700, -191.836, 0.00113831, -193.362, 0.00148246, -193.007, 0.00143288
10, 0.02800, -196.031, 0.0010889, -197.491, 0.0014233, -197.161, 0.00137229
10, 0.02900, -199.992, 0.00103916, -201.389, 0.00136384, -201.082, 0.00131163
10, 0.03000, -203.733, 0.000989733, -205.069, 0.0013047, -204.784, 0.00125155
10, 0.03100, -207.265, 0.000941112, -208.543, 0.00124636, -208.278, 0.0011925
10, 0.03200, -210.601, 0.000893656, -211.822, 0.00118916, -211.576, 0.00113485
10, 0.03300, -213.75, 0.000847623, -214.917, 0.0011334, -214.688, 0.00107885
10, 0.03400, -216.723, 0.000803189, -217.838, 0.00107926, -217.626, 0.00102469
10, 0.03500, -219.53, 0.000148658, -220.596, 0.000929989, -220.397, 0.00125988
10, 0.03600, -222.177, 0.000518491, -223.2, 0.0004429, -223.011, 0.00130966
10, 0.03700, -224.682, 0.000805086, -225.652, -0.000124236, -225.481, 0.00119715
10, 0.03800, -227.047, 0.000926403, -227.961, 0.000417227, -227.816, 0.000222482
10, 0.03900, -229.287, 0.000632697, -230.141, 0.000551561, -230.013, 0.000492813
10, 0.04000, -231.4, 0.000570109, -232.202, 0.000563424, -232.088, 0.000515289
10, 0.04100, -233.394, 0.000527361, -234.15, 0.000568369, -234.047, 0.000506387
10, 0.04200, -235.275, 0.000489005, -235.99, 0.000563704, -235.897, 0.000494878
10, 0.04300, -237.05, 0.000455097, -237.727, 0.000552551, -237.642, 0.000480295
10, 0.04400, -238.725, 0.000424759, -239.367, 0.00053705, -239.288, 0.000463645
10, 0.04500, -240.305, 0.000397367, -240.915, 0.000518743, -240.842, 0.000445652
10, 0.04600, -241.796, 0.000372433, -242.376, 0.000498745, -242.308, 0.000426878
10, 0.04700, -243.203, 0.000349578, -243.754, 0.000477849, -243.691, 0.000407755
10, 0.04800, -244.53, 0.000328505, -245.055, 0.000456622, -244.995, 0.000388608
10, 0.04900, -245.782, 0.000308981, -246.282, 0.000435459, -246.226, 0.00036968
10, 0.05000, -246.964, 0.000290819, -247.439, 0.000414635, -247.387, 0.000351147
10, 0.05100, -248.078, 0.000273869, -248.531, 0.000394335, -248.482, 0.000333134
10, 0.05200, -249.13, 0.000258012, -249.561, 0.000374679, -249.515, 0.000315729
10, 0.05300, -250.122, 0.000243147, -250.533, 0.000355745, -250.49, 0.000298987
10, 0.05400, -251.058, 0.00022919, -251.45, 0.000337572, -251.409, 0.00028294
10, 0.05500, -251.941, 0.00021607, -252.314, 0.000320182, -252.276, 0.000267605
10, 0.05600, -252.774, 0.000203725, -253.13, 0.000303576, -253.093, 0.000252984
10, 0.05700, -253.56, 0.000192102, -253.899, 0.000287747, -253.864, 0.000239069
10, 0.05800, -254.301, 0.000181152, -254.624, 0.000272676, -254.592, 0.000225847
10, 0.05900, -255.001, 0.000170834, -255.309, 0.000258342, -255.278, 0.000213298
10, 0.06000, -255.661, 0.000161107, -255.954, 0.000244721, -255.925, 0.000201401
10, 0.06100, -256.283, 0.000151936, -256.563, 0.000231785, -256.535, 0.00019013
10, 0.06200, -256.871, 0.000143288, -257.137, 0.000219505, -257.111, 0.000179461
10, 0.06300, -257.425, 0.000135132, -257.679, 0.000207854, -257.654, 0.000169366
10, 0.06400, -257.948, 0.000127441, -258.189, 0.000196803, -258.166, 0.000159819
10, 0.06500, -258.441, 0.000120187, -258.671, 0.000186324, -258.649, 0.000150794
10, 0.06600, -258.906, 0.000113346, -259.126, 0.00017639, -259.105, 0.000142265
10, 0.06700, -259.345, 0.000106893, -259.554, 0.000166974, -259.534, 0.000134207
10, 0.06800, -259.759, 0.000100807, -259.958, 0.000158052, -259.94, 0.000126596
10, 0.06900, -260.15, 0.0000950678, -260.34, 0.000149598, -260.322, 0.000119408
10, 0.07000, -260.519, 0.0000896546, -260.699, 0.000141588, -260.682, 0.000112622
10, 0.07100, -260.867, 0.0000845495, -261.038, 0.000134002, -261.022, 0.000106215
10, 0.07200, -261.195, 0.000079735, -261.358, 0.000126816, -261.343, 0.000100168
10, 0.07300, -261.504, 0.0000751946, -261.66, 0.000120011, -261.646, 0.0000944603
10, 0.07400, -261.796, 0.0000709127, -261.945, 0.000113567, -261.931, 0.0000890739
10, 0.07500, -262.072, 0.0000668748, -262.213, 0.000107465, -262.2, 0.000083991
10, 0.07600, -262.332, 0.0000630669, -262.466, 0.000101687, -262.454, 0.0000791951
10, 0.07700, -262.577, 0.0000594759, -262.705, 0.0000962173, -262.693, 0.0000746703
10, 0.07800, -262.808, 0.0000560897, -262.93, 0.0000910391, -262.919, 0.0000704014
10, 0.07900, -263.026, 0.0000528965, -263.143, 0.0000861372, -263.132, 0.0000663744
10, 0.08000, -263.232, 0.0000498853, -263.343, 0.0000814972, -263.333, 0.0000625757
10, 0.08100, -263.426, 0.0000470459, -263.532, 0.0000771054, -263.522, 0.0000589926
10, 0.08200, -263.61, 0.0000443683, -263.71, 0.0000729485, -263.701, 0.0000556129
10, 0.08300, -263.783, 0.0000418434, -263.878, 0.0000690144, -263.869, 0.0000524254
10, 0.08400, -263.946, 0.0000394625, -264.037, 0.0000652911, -264.028, 0.0000494192
10, 0.08500, -264.099, 0.0000372174, -264.186, 0.0000617675, -264.178, 0.0000465842
10, 0.08600, -264.245, 0.0000351003, -264.327, 0.0000584331, -264.319, 0.0000439106
10, 0.08700, -264.382, 0.0000331039, -264.46, 0.0000552778, -264.453, 0.0000413894
10, 0.08800, -264.511, 0.0000312214, -264.586, 0.0000522921, -264.578, 0.000039012
10, 0.08900, -264.633, 0.0000294462, -264.704, 0.0000494669, -264.697, 0.0000367702
10, 0.09000, -264.748, 0.0000277723, -264.815, 0.0000467937, -264.809, 0.0000346565
10, 0.09100, -264.856, 0.0000261937, -264.921, 0.0000442644, -264.914, 0.0000326635
10, 0.09200, -264.959, -0.0000384117, -265.02, 0.0000442146, -265.014, 0.0000531396
10, 0.09300, -265.055, -0.000017222, -265.113, 0.0000439831, -265.108, 0.000041708
10, 0.09400, -265.146, -6.40915E-6, -265.202, 0.0000432952, -265.196, 0.0000346437
10, 0.09500, -265.232, 4.0225E-6, -265.285, 0.0000660753, -265.28, -0.0000348126
10, 0.09600, -265.313, 0.0000322534, -265.364, -5.64031E-6, -265.359, -0.0000127802
10, 0.09700, -265.39, 0.0000269274, -265.438, 8.30128E-6, -265.433, -2.44845E-6
10, 0.09800, -265.462, 0.0000241624, -265.508, 0.0000139988, -265.503, 4.835E-6
10, 0.09900, -265.53, 0.0000219062, -265.574, 0.0000175949, -265.569, 9.57788E-6
10, 0.10000, -265.594, 0.0000200681, -265.636, 0.0000195647, -265.631, 0.0000125999
10, 0.10100, -265.655, 0.0000185311, -265.694, 0.0000204671, -265.69, 0.0000144114
10, 0.10200, -265.712, 0.000017215, -265.75, 0.000020668, -265.745, 0.0000153822
10, 0.10300, -265.766, 0.0000160638, -265.802, 0.0000204165, -265.797, 0.0000157738
10, 0.10400, -265.816, 0.0000150386, -265.851, 0.0000198806, -265.847, 0.0000157713
10, 0.10500, -265.864, 0.0000141118, -265.897, 0.0000191735, -265.893, 0.0000155056
10, 0.10600, -265.91, 0.0000132642, -265.941, 0.0000183704, -265.937, 0.0000150684
10, 0.10700, -265.952, 0.0000124821, -265.982, 0.0000175215, -265.978, 0.0000145241
10, 0.10800, -265.993, 0.0000117557, -266.021, 0.0000166594, -266.017, 0.0000139175
10, 0.10900, -266.031, 0.0000110775, -266.057, 0.0000158052, -266.054, 0.0000132796
10, 0.11000, -266.066, 0.0000104424, -266.092, 0.0000149719, -266.089, 0.0000126317
10, 0.11100, -266.1, 9.84595E-6, -266.124, 0.0000141676, -266.122, 0.0000119879
10, 0.11200, -266.132, 9.28498E-6, -266.155, 0.0000133967, -266.152, 0.0000113579
10, 0.11300, -266.162, 8.75676E-6, -266.184, 0.0000126614, -266.182, 0.0000107476
10, 0.11400, -266.191, 8.25898E-6, -266.212, 0.0000119623, -266.209, 0.0000101607
10, 0.11500, -266.218, 7.78968E-6, -266.237, 0.0000112992, -266.235, 9.59935E-6
10, 0.11600, -266.243, 7.34709E-6, -266.262, 0.0000106712, -266.26, 9.06442E-6
10, 0.11700, -266.267, 6.92961E-6, -266.285, 0.000010077, -266.283, 8.55611E-6
10, 0.11800, -266.289, 6.53579E-6, -266.306, 9.51524E-6, -266.304, 8.07406E-6
10, 0.11900, -266.311, 6.16428E-6, -266.327, 8.98443E-6, -266.325, 7.61761E-6
10, 0.12000, -266.331, 5.81381E-6, -266.346, 8.48301E-6, -266.344, 7.18587E-6
10, 0.12100, -266.35, 5.48319E-6, -266.364, 8.00946E-6, -266.363, 6.77784E-6
10, 0.12200, -266.368, 5.17132E-6, -266.381, 7.56227E-6, -266.38, 6.39244E-6
10, 0.12300, -266.385, 4.87713E-6, -266.397, 7.14003E-6, -266.396, 6.02859E-6
10, 0.12400, -266.398, 0.0000692685, -266.41, 0.0000627645, -266.409, 0.0000621134
10, 0.12500, -266.407, 0.0000450604, -266.419, 0.0000410181, -266.417, 0.0000407734
10, 0.12600, -266.413, 0.0000316896, -266.424, 0.0000289073, -266.423, 0.0000287986
10, 0.12700, -266.417, 0.0000221388, -266.429, 0.0000202459, -266.427, 0.0000202217
10, 0.12800, -266.42, 0.000015476, -266.432, 0.0000141855, -266.43, 0.000014206
10, 0.12900, -266.422, 0.0000108186, -266.434, 9.93819E-6, -266.433, 9.97964E-6
10, 0.13000, -266.424, 7.56338E-6, -266.435, 6.96213E-6, -266.434, 7.01079E-6
10, 0.13100, -266.425, 5.28797E-6, -266.436, 4.87697E-6, -266.435, 4.9252E-6
10, 0.13200, -266.426, 3.69737E-6, -266.437, 3.4161E-6, -266.436, 3.46008E-6
10, 0.13300, -266.426, 2.5854E-6, -266.437, 2.39268E-6, -266.436, 2.43083E-6
10, 0.13400, -266.426, 1.80798E-6, -266.438, 1.67577E-6, -266.437, 1.70775E-6
10, 0.13500, -266.427, 1.26442E-6, -266.438, 1.17359E-6, -266.437, 1.19978E-6
10, 0.13600, -266.427, 8.84347E-7, -266.438, 8.21855E-7, -266.437, 8.42905E-7
10, 0.13700, -266.427, 6.18567E-7, -266.438, 5.75502E-7, -266.437, 5.92192E-7
10, 0.13800, -266.427, 4.32697E-7, -266.438, 4.02972E-7, -266.437, 4.16053E-7
10, 0.13900, -266.427, 3.02702E-7, -266.439, 2.82143E-7, -266.437, 2.9231E-7
10, 0.14000, -266.427, 2.11777E-7, -266.439, 1.97531E-7, -266.437, 2.05374E-7
10, 0.14100, -266.427, 1.48176E-7, -266.439, 1.38284E-7, -266.437, 1.44296E-7
10, 0.14200, -266.427, 1.03685E-7, -266.439, 9.67956E-8, -266.437, 1.01389E-7
10, 0.14300, -266.427, 7.25574E-8, -266.439, 6.77504E-8, -266.437, 7.12417E-8
10, 0.14400, -266.427, 5.07792E-8, -266.439, 4.7412E-8, -266.437, 5.0066E-8
10, 0.14500, -266.427, 3.55413E-8, -266.439, 3.31731E-8, -266.437, 3.51881E-8
10, 0.14600, -266.427, 2.48769E-8, -266.439, 2.32051E-8, -266.437, 2.47349E-8
10, 0.14700, -266.427, 1.74146E-8, -266.439, 1.62263E-8, -266.437, 1.73916E-8
10, 0.14800, -266.427, 1.21905E-8, -266.439, 1.13408E-8, -266.437, 1.22353E-8
10, 0.14900, -266.427, 8.53556E-9, -266.439, 7.92101E-9, -266.438, 8.61024E-9
10, 0.15000, -266.427, 5.97715E-9, -266.439, 5.52864E-9, -266.438, 6.06214E-9
10, 0.15100, -266.427, 4.18493E-9, -266.439, 3.85271E-9, -266.438, 4.27634E-9
10, 0.15200, -266.427, 2.93056E-9, -266.439, 2.67979E-9, -266.438, 3.02104E-9
10, 0.15300, -266.427, 2.0526E-9, -266.439, 1.85873E-9, -266.438, 2.13776E-9
10, 0.15400, -266.427, 1.43762E-9, -266.439, 1.28546E-9, -266.438, 1.51794E-9
10, 0.15500, -266.427, 1.00765E-9, -266.439, 8.8154E-10, -266.438, 1.08332E-9
10, 0.15600, -266.427, 7.05364E-10, -266.439, 6.00674E-10, -266.438, 7.77174E-10
10, 0.15700, -266.427, 4.94731E-10, -266.439, 4.04238E-10, -266.438, 5.60671E-10
10, 0.15800, -266.427, 3.46401E-10, -266.439, 2.67362E-10, -266.438, 4.10626E-10
10, 0.15900, -266.427, 2.421E-10, -266.439, 1.70825E-10, -266.438, 3.03975E-10
10, 0.16000, -266.427, 1.6975E-10, -266.439, 1.02402E-10, -266.438, 2.30168E-10
10, 0.16100, -266.427, 1.19298E-10, -266.439, 5.45115E-11, -266.438, 1.79047E-10
10, 0.16200, -266.427, 8.42165E-11, -266.439, 2.06928E-11, -266.438, 1.41925E-10
10, 0.16300, -266.427, 5.78739E-11, -266.439, -7.27596E-13, -266.438, 1.17318E-10
10, 0.16400, -266.427, 4.04298E-11, -266.439, -1.65746E-11, -266.438, 9.75415E-11
10, 0.16500, -266.427, 2.90474E-11, -266.439, -2.91329E-11, -266.438, 8.48377E-11
10, 0.16600, -266.427, 2.01353E-11, -266.439, -3.59287E-11, -266.438, 7.59319E-11
10, 0.16700, -266.427, 1.45128E-11, -266.439, -4.15166E-11, -266.438, 6.86559E-11
10, 0.16800, -266.427, 9.58153E-12, -266.439, -4.45143E-11, -266.438, 6.50471E-11
10, 0.16900, -266.427, 6.26278E-12, -266.439, -4.94038E-11, -266.438, 6.21658E-11
10, 0.17000, -266.427, 5.28962E-12, -266.439, -5.11936E-11, -266.438, 6.01722E-11
10, 0.17100, -266.427, 3.88445E-12, -266.439, -5.29108E-11, -266.438, 5.85715E-11
10, 0.17200, -266.427, 2.27828E-12, -266.439, -5.37839E-11, -266.438, 5.76547E-11
10, 0.17300, -266.427, 1.71531E-12, -266.439, -5.60394E-11, -266.438, 5.76692E-11
10, 0.17400, -266.427, 5.38421E-13, -266.439, -5.22414E-11, -266.438, 5.59521E-11
10, 0.17500, -266.427, 6.95763E-13, -266.439, -5.53846E-11, -266.438, 5.70872E-11
10, 0.17600, -266.427, 7.18501E-13, -266.439, -5.48753E-11, -266.438, 5.65196E-11
10, 0.17700, -266.427, -2.82853E-13, -266.439, -5.36675E-11, -266.438, 5.53846E-11
10, 0.17800, -266.427, 9.55879E-13, -266.439, -5.5632E-11, -266.438, 5.47298E-11
10, 0.17900, -266.427, -4.90218E-13, -266.439, -5.48171E-11, -266.438, 5.62286E-11
10, 0.18000, -266.427, -1.67347E-13, -266.439, -5.42641E-11, -266.438, 5.55447E-11
10, 0.18100, -266.427, -4.10182E-13, -266.439, -5.36529E-11, -266.438, 5.56174E-11
10, 0.18200, -266.427, 1.2642E-13, -266.439, -5.46424E-11, -266.438, 5.50062E-11
10, 0.18300, -266.427, 1.74623E-13, -266.439, -5.46279E-11, -266.438, 5.49189E-11
10, 0.18400, -266.427, -2.71939E-13, -266.439, -5.50208E-11, -266.438, 5.60685E-11
10, 0.18500, -266.427, -1.30058E-13, -266.439, -5.55156E-11, -266.438, 5.49626E-11
10, 0.18600, -266.427, 2.66482E-13, -266.439, -5.49771E-11, -266.438, 5.55447E-11
10, 0.18700, -266.427, -3.20142E-13, -266.439, -5.50353E-11, -266.438, 5.60394E-11
10, 0.18800, -266.427, 1.27329E-14, -266.439, -5.43951E-11, -266.438, 5.41477E-11
10, 0.18900, -266.427, -4.78394E-13, -266.439, -5.37548E-11, -266.438, 5.45406E-11
10, 0.19000, -266.427, -2.20098E-13, -266.439, -5.48898E-11, -266.438, 5.49335E-11
10, 0.19100, -266.427, 0, -266.439, -5.5079E-11, -266.438, 5.50936E-11
10, 0.19200, -266.427, -9.09495E-16, -266.439, -5.50936E-11, -266.438, 5.50936E-11
10, 0.19300, -266.427, -9.09495E-16, -266.439, -5.50936E-11, -266.438, 5.50936E-11
10, 0.19400, -266.427, -9.09495E-16, -266.439, -5.50936E-11, -266.438, 5.50936E-11
10, 0.19500, -266.427, 0, -266.439, -5.5079E-11, -266.438, 5.50936E-11
10, 0.19600, -266.427, 0, -266.439, -5.5079E-11, -266.438, 5.51081E-11
10, 0.19700, -266.427, -9.09495E-16, -266.439, -5.5079E-11, -266.438, 5.50936E-11
10, 0.19800, -266.427, 0, -266.439, -5.50936E-11, -266.438, 5.50936E-11
10, 0.19900, -266.427, 0, -266.439, -5.50936E-11, -266.438, 5.50936E-11
10, 0.20000, -266.427, 0, -266.439, -5.5079E-11, -266.438, 5.50936E-11
10, 0.20100, -198.488, -0.882433, -202.357, -0.139825, -198.011, -0.591187
10, 0.20200, -198.419, 0.000535275, -202.367, 0.00049908, -197.985, -0.00231031
10, 0.20300, -198.419, 7.49361E-6, -202.368, -7.67826E-6, -197.985, -5.7452E-7
10, 0.20400, -198.419, -1.41264E-8, -202.368, -2.19117E-8, -197.985, 3.97299E-8
10, 0.20500, -198.419, -1.64525E-10, -202.368, 9.96806E-11, -197.985, 7.43166E-11
10, 0.20600, -198.419, 2.81034E-13, -202.368, -4.20405E-11, -197.985, 4.04689E-11
10, 0.20700, -198.419, 4.00178E-14, -202.368, -4.16185E-11, -197.985, 4.07745E-11
10, 0.20800, -198.419, -1.75532E-13, -202.368, -4.21278E-11, -197.985, 4.1633E-11
10, 0.20900, -198.419, 1.47338E-13, -202.368, -4.18368E-11, -197.985, 4.05707E-11
10, 0.21000, -198.419, -1.75532E-13, -202.368, -4.21278E-11, -197.985, 4.1633E-11
10, 0.21100, -198.419, 1.47338E-13, -202.368, -4.18368E-11, -197.985, 4.05707E-11
10, 0.21200, -198.419, -1.75532E-13, -202.368, -4.21278E-11, -197.985, 4.1633E-11
10, 0.21300, -198.419, 1.47338E-13, -202.368, -4.18368E-11, -197.985, 4.05707E-11
10, 0.21400, -198.419, -1.75532E-13, -202.368, -4.21278E-11, -197.985, 4.1633E-11
10, 0.21500, -198.419, 1.47338E-13, -202.368, -4.18368E-11, -197.985, 4.05707E-11
10, 0.21600, -198.419, -1.75532E-13, -202.368, -4.21278E-11, -197.985, 4.1633E-11
10, 0.21700, -198.419, 1.47338E-13, -202.368, -4.18368E-11, -197.985, 4.05707E-11
10, 0.21800, -198.419, -1.75532E-13, -202.368, -4.21278E-11, -197.985, 4.1633E-11
10, 0.21900, -198.419, 1.47338E-13, -202.368, -4.18368E-11, -197.985, 4.05707E-11
10, 0.22000, -198.419, -1.75532E-13, -202.368, -4.21278E-11, -197.985, 4.1633E-11
10, 0.22100, -198.419, 1.47338E-13, -202.368, -4.18368E-11, -197.985, 4.05707E-11
10, 0.22200, -198.419, -1.75532E-13, -202.368, -4.21278E-11, -197.985, 4.1633E-11
10, 0.22300, -198.419, 1.47338E-13, -202.368, -4.18368E-11, -197.985, 4.05707E-11
10, 0.22400, -198.419, -1.75532E-13, -202.368, -4.21278E-11, -197.985, 4.1633E-11
10, 0.22500, -198.419, 1.47338E-13, -202.368, -4.18368E-11, -197.985, 4.05707E-11
10, 0.22600, -198.419, -1.75532E-13, -202.368, -4.21278E-11, -197.985, 4.1633E-11
10, 0.22700, -198.419, 1.47338E-13, -202.368, -4.18368E-11, -197.985, 4.05707E-11
10, 0.22800, -198.419, -1.75532E-13, -202.368, -4.21278E-11, -197.985, 4.1633E-11
10, 0.22900, -198.419, 1.47338E-13, -202.368, -4.18368E-11, -197.985, 4.05707E-11
10, 0.23000, -198.419, -1.75532E-13, -202.368, -4.21278E-11, -197.985, 4.1633E-11
10, 0.23100, -198.419, 1.47338E-13, -202.368, -4.18368E-11, -197.985, 4.05707E-11
10, 0.23200, -198.419, -1.75532E-13, -202.368, -4.21278E-11, -197.985, 4.1633E-11
10, 0.23300, -198.419, 1.47338E-13, -202.368, -4.18368E-11, -197.985, 4.05707E-11
10, 0.23400, -198.419, -1.75532E-13, -202.368, -4.21278E-11, -197.985, 4.1633E-11
10, 0.23500, -198.419, 1.47338E-13, -202.368, -4.18368E-11, -197.985, 4.05707E-11
10, 0.23600, -198.419, -1.75532E-13, -202.368, -4.21278E-11, -197.985, 4.1633E-11
10, 0.23700, -198.419, 1.47338E-13, -202.368, -4.18368E-11, -197.985, 4.05707E-11
10, 0.23800, -198.419, -1.75532E-13, -202.368, -4.21278E-11, -197.985, 4.1633E-11
10, 0.23900, -198.419, 1.47338E-13, -202.368, -4.18368E-11, -197.985, 4.05707E-11
10, 0.24000, -198.419, -1.75532E-13, -202.368, -4.21278E-11, -197.985, 4.1633E-11
10, 0.24100, -198.419, 1.47338E-13, -202.368, -4.18368E-11, -197.985, 4.05707E-11
10, 0.24200, -198.419, -1.75532E-13, -202.368, -4.21278E-11, -197.985, 4.1633E-11
10, 0.24300, -198.419, 1.47338E-13, -202.368, -4.18368E-11, -197.985, 4.05707E-11
10, 0.24400, -198.419, -1.75532E-13, -202.368, -4.21278E-11, -197.985, 4.1633E-11
10, 0.24500, -198.419, 1.47338E-13, -202.368, -4.18368E-11, -197.985, 4.05707E-11
10, 0.24600, -198.419, -1.75532E-13, -202.368, -4.21278E-11, -197.985, 4.1633E-11
10, 0.24700, -198.419, 1.47338E-13, -202.368, -4.18368E-11, -197.985, 4.05707E-11
10, 0.24800, -198.419, -1.75532E-13, -202.368, -4.21278E-11, -197.985, 4.1633E-11
10, 0.24900, -198.419, 1.47338E-13, -202.368, -4.18368E-11, -197.985, 4.05707E-11
10, 0.25000, -198.419, -1.75532E-13, -202.368, -4.21278E-11, -197.985, 4.1633E-11
10, 0.25100, -198.419, 1.47338E-13, -202.368, -4.18368E-11, -197.985, 4.05707E-11
10, 0.25200, -198.419, -1.75532E-13, -202.368, -4.21278E-11, -197.985, 4.1633E-11
10, 0.25300, -198.419, 1.47338E-13, -202.368, -4.18368E-11, -197.985, 4.05707E-11
10, 0.25400, -198.419, -1.75532E-13, -202.368, -4.21278E-11, -197.985, 4.1633E-11
10, 0.25500, -198.419, 1.47338E-13, -202.368, -4.18368E-11, -197.985, 4.05707E-11
10, 0.25600, -198.419, -1.75532E-13, -202.368, -4.21278E-11, -197.985, 4.1633E-11
10, 0.25700, -198.419, 1.47338E-13, -202.368, -4.18368E-11, -197.985, 4.05707E-11
10, 0.25800, -198.419, -1.75532E-13, -202.368, -4.21278E-11, -197.985, 4.1633E-11
10, 0.25900, -198.419, 1.47338E-13, -202.368, -4.18368E-11, -197.985, 4.05707E-11
10, 0.26000, -198.419, -1.75532E-13, -202.368, -4.21278E-11, -197.985, 4.1633E-11
10, 0.26100, -198.419, 1.47338E-13, -202.368, -4.18368E-11, -197.985, 4.05707E-11
10, 0.26200, -198.419, -1.75532E-13, -202.368, -4.21278E-11, -197.985, 4.1633E-11
10, 0.26300, -198.419, 1.47338E-13, -202.368, -4.18368E-11, -197.985, 4.05707E-11
10, 0.26400, -198.419, -1.75532E-13, -202.368, -4.21278E-11, -197.985, 4.1633E-11
10, 0.26500, -198.419, 1.47338E-13, -202.368, -4.18368E-11, -197.985, 4.05707E-11
10, 0.26600, -198.419, -1.75532E-13, -202.368, -4.21278E-11, -197.985, 4.1633E-11
10, 0.26700, -198.419, 1.47338E-13, -202.368, -4.18368E-11, -197.985, 4.05707E-11
10, 0.26800, -198.419, -1.75532E-13, -202.368, -4.21278E-11, -197.985, 4.1633E-11
10, 0.26900, -198.419, 1.47338E-13, -202.368, -4.18368E-11, -197.985, 4.05707E-11
10, 0.27000, -198.419, -1.75532E-13, -202.368, -4.21278E-11, -197.985, 4.1633E-11
10, 0.27100, -251.119, 1.53777, -251.259, 0.714092, -249.361, 1.39498
10, 0.27200, -203.574, -0.386275, -206.966, -0.319485, -203.036, -0.330604
10, 0.27300, -178.583, -0.210371, -183.903, -0.173003, -178.946, -0.179041
10, 0.27400, -162.169, -0.142427, -168.694, -0.118633, -163.106, -0.122464
10, 0.27500, -152.261, -0.0973499, -159.494, -0.0818441, -153.559, -0.0843527
10, 0.27600, -146.996, -0.0669344, -154.598, -0.0571297, -148.511, -0.059061
10, 0.27700, -145.037, -0.047649, -152.779, -0.0407351, -146.674, -0.0421341
10, 0.27800, -145.409, -0.0342236, -153.136, -0.0292103, -147.107, -0.0302663
10, 0.27900, -147.4, -0.0246453, -155.01, -0.0209192, -149.119, -0.0217463
10, 0.28000, -150.494, -0.0176853, -157.918, -0.0148561, -152.206, -0.0155222
10, 0.28100, -154.313, -0.012565, -161.51, -0.010374, -156.003, -0.0109229
10, 0.28200, -158.584, -0.00877103, -165.529, -0.00704095, -160.242, -0.00750284
10, 0.28300, -163.111, -0.00595144, -169.791, -0.00455751, -164.731, -0.00495459
10, 0.28400, -167.753, -0.00385707, -174.161, -0.0027098, -169.33, -0.00305902
10, 0.28500, -172.409, -0.00230677, -178.546, -0.00134125, -173.942, -0.0016558
10, 0.28600, -177.009, -0.00116638, -182.878, -0.000335228, -178.498, -0.000625391
10, 0.28700, -181.505, -0.000335263, -187.112, 0.000396175, -182.948, 0.000122429
10, 0.28800, -185.864, 0.000262649, -191.216, 0.000919693, -187.262, 0.000656298
10, 0.28900, -190.065, 0.000685085, -195.172, 0.00128618, -191.42, 0.00102863
10, 0.29000, -194.097, 0.000975934, -198.966, 0.00153447, -195.408, 0.00127953
10, 0.29100, -197.953, 0.00116856, -202.594, 0.00169417, -199.22, 0.00143962
10, 0.29200, -201.63, 0.00128831, -206.054, 0.00178787, -202.856, 0.00153233
10, 0.29300, -205.132, 0.00135437, -209.346, 0.00183277, -206.316, 0.00157547
10, 0.29400, -208.459, 0.00138126, -212.473, 0.00184191, -209.603, 0.00158256
10, 0.29500, -211.619, 0.00137993, -215.441, 0.00182517, -212.722, 0.00156386
10, 0.29600, -214.615, 0.00135858, -218.254, 0.00179002, -215.68, 0.00152708
10, 0.29700, -217.455, 0.00132336, -220.919, 0.00174206, -218.482, 0.00147801
10, 0.29800, -220.144, 0.00127885, -223.442, 0.00168549, -221.134, 0.00142095
10, 0.29900, -222.691, 0.00122843, -225.83, 0.00162345, -223.644, 0.0013591
10, 0.30000, -225.101, 0.0011746, -228.088, 0.00155825, -226.019, 0.00129481
10, 0.30100, -227.381, 0.00111916, -230.224, 0.00149161, -228.265, 0.00122978
10, 0.30200, -229.538, 0.00108088, -232.243, 0.00141957, -230.388, 0.00114829
10, 0.30300, -231.578, 0.00103176, -234.151, 0.00135144, -232.396, 0.0010811
10, 0.30400, -233.507, 0.000979095, -235.955, 0.00128602, -234.293, 0.00102018
10, 0.30500, -235.331, 0.000927421, -237.659, 0.00122267, -236.086, 0.000961744
10, 0.30600, -237.055, 0.000877285, -239.269, 0.00116159, -237.78, 0.000905933
10, 0.30700, -238.686, 0.000828987, -240.791, 0.0011029, -239.381, 0.000852851
10, 0.30800, -240.226, 0.000782716, -242.228, 0.00104665, -240.894, 0.00080252
10, 0.30900, -241.683, 0.000738573, -243.586, 0.000992872, -242.323, 0.000754913
10, 0.31000, -243.06, 0.000696596, -244.868, 0.000941536, -243.673, 0.000709964
10, 0.31100, -244.361, 0.000656777, -246.08, 0.000892602, -244.948, 0.000667586
10, 0.31200, -245.59, 0.000619078, -247.224, 0.000846011, -246.153, 0.000627673
10, 0.31300, -246.752, 0.000583438, -248.305, 0.000801692, -247.292, 0.000590113
10, 0.31400, -247.85, 0.000549784, -249.326, 0.000759566, -248.367, 0.00055479
10, 0.31500, -248.888, 0.000518033, -250.291, 0.000719551, -249.382, 0.000521586
10, 0.31600, -249.868, 0.000488096, -251.201, 0.000681559, -250.342, 0.000490383
10, 0.31700, -250.795, 0.000459884, -252.062, 0.000645504, -251.248, 0.000461068
10, 0.31800, -251.671, 0.000433308, -252.874, 0.000611301, -252.104, 0.000433531
10, 0.31900, -252.498, 0.000408279, -253.642, 0.000578862, -252.912, 0.000407665
10, 0.32000, -253.28, 0.000384712, -254.366, 0.000548106, -253.676, 0.000383372
10, 0.32100, -254.018, 0.000362523, -255.051, 0.000518952, -254.397, 0.000360554
10, 0.32200, -254.716, 0.000341635, -255.697, 0.00049132, -255.078, 0.000339123
10, 0.32300, -255.376, 0.00032197, -256.308, 0.000465136, -255.722, 0.000318991
10, 0.32400, -255.999, 0.000303458, -256.884, 0.000440328, -256.329, 0.00030008
10, 0.32500, -256.588, 0.00028603, -257.429, 0.000416825, -256.904, 0.000282314
10, 0.32600, -257.144, 0.000269622, -257.943, 0.000394562, -257.446, 0.000265621
10, 0.32700, -257.67, 0.000254174, -258.429, 0.000373476, -257.958, 0.000249936
10, 0.32800, -258.166, 0.000239629, -258.887, 0.000353505, -258.441, 0.000235196
10, 0.32900, -258.636, 0.000225932, -259.321, 0.000334592, -258.898, 0.000221342
10, 0.33000, -259.079, 0.000213033, -259.73, 0.000316682, -259.33, 0.000208319
10, 0.33100, -259.498, 0.000200885, -260.116, 0.000299723, -259.737, 0.000196077
10, 0.33200, -259.894, 0.000189442, -260.481, 0.000283666, -260.122, 0.000184567
10, 0.33300, -260.268, 0.000178664, -260.825, 0.000268463, -260.485, 0.000173744
10, 0.33400, -260.621, 0.000168509, -261.15, 0.000254069, -260.829, 0.000163567
10, 0.33500, -260.955, 0.000158942, -261.458, 0.000240442, -261.153, 0.000153995
10, 0.33600, -261.27, 0.000149928, -261.748, 0.000227542, -261.459, 0.000144991
10, 0.33700, -261.568, 0.000141434, -262.022, 0.000215331, -261.748, 0.000136521
10, 0.33800, -261.85, 0.000133428, -262.28, 0.000203771, -262.022, 0.000128553
10, 0.33900, -262.116, 0.000125883, -262.525, 0.000192828, -262.28, 0.000121056
10, 0.34000, -262.367, 0.000118772, -262.756, 0.000182471, -262.523, 0.000114002
10, 0.34100, -262.604, 0.000112068, -262.973, 0.000172667, -262.753, 0.000107363
10, 0.34200, -262.829, 0.000105748, -263.179, 0.000163388, -262.971, 0.000101115
10, 0.34300, -263.041, 0.0000997891, -263.373, 0.000154606, -263.176, 0.0000952345
10, 0.34400, -263.241, 0.0000941708, -263.557, 0.000146293, -263.37, 0.0000896992
10, 0.34500, -263.43, 0.0000888731, -263.73, 0.000138426, -263.553, 0.0000844885
10, 0.34600, -263.609, 0.0000838773, -263.894, 0.000130981, -263.726, 0.0000795831
10, 0.34700, -263.778, 0.0000791658, -264.048, 0.000123935, -263.889, 0.0000749646
10, 0.34800, -263.937, 0.0000747221, -264.194, 0.000117266, -264.043, 0.0000706162
10, 0.34900, -264.088, 0.0000705308, -264.332, 0.000110955, -264.189, 0.0000665217
10, 0.35000, -264.23, 0.0000665773, -264.462, 0.000104983, -264.327, 0.000062666
10, 0.35100, -264.365, 0.0000628478, -264.585, 0.0000993313, -264.457, 0.0000590351
10, 0.35200, -264.492, 0.0000593295, -264.701, 0.000093983, -264.579, 0.0000556157
10, 0.35300, -264.612, 0.0000560101, -264.81, 0.0000889219, -264.695, 0.0000523952
10, 0.35400, -264.726, 0.0000528784, -264.914, 0.0000841326, -264.805, 0.0000493621
10, 0.35500, -264.833, 0.0000499234, -265.012, 0.0000796006, -264.908, 0.0000465052
10, 0.35600, -264.934, 0.0000471352, -265.104, 0.0000753122, -265.006, 0.0000438142
10, 0.35700, -265.03, 0.0000445041, -265.191, 0.0000712543, -265.098, 0.0000412794
10, 0.35800, -265.12, 0.0000420212, -265.273, 0.0000674145, -265.185, 0.0000388916
10, 0.35900, -265.206, 0.000039678, -265.351, 0.0000637812, -265.267, 0.0000366423
10, 0.36000, -265.286, 0.0000374665, -265.424, 0.0000603432, -265.345, 0.0000345233
10, 0.36100, -265.363, 0.0000353794, -265.493, 0.0000570903, -265.418, 0.0000325271
10, 0.36200, -265.435, 0.0000334094, -265.559, 0.0000540123, -265.488, 0.0000306464
10, 0.36300, -265.503, 0.00003155, -265.621, 0.0000510999, -265.553, 0.0000288745
10, 0.36400, -265.567, 0.0000297949, -265.679, 0.0000483443, -265.615, 0.0000272052
10, 0.36500, -265.628, 0.0000281381, -265.734, 0.000045737, -265.673, 0.0000256324
10, 0.36600, -265.685, 0.0000265741, -265.786, 0.0000432701, -265.729, 0.0000241506
10, 0.36700, -265.739, 0.0000250977, -265.835, 0.000040936, -265.781, 0.0000227543
10, 0.36800, -265.79, 0.0000237039, -265.881, 0.0000387276, -265.83, 0.0000214388
10, 0.36900, -265.839, 0.000022388, -265.925, 0.0000366382, -265.876, 0.0000201993
10, 0.37000, -265.885, 0.0000211456, -265.966, 0.0000346612, -265.92, 0.0000190314
10, 0.37100, -265.928, 0.0000199726, -266.006, 0.0000327908, -265.962, 0.0000179309
10, 0.37200, -265.969, 0.0000188651, -266.042, 0.0000310212, -266.001, 0.000016894
10, 0.37300, -266.007, 0.0000178194, -266.077, 0.0000293469, -266.038, 0.000015917
10, 0.37400, -266.044, 0.000016832, -266.11, 0.0000277629, -266.073, 0.0000149963
10, 0.37500, -266.078, 0.0000158997, -266.141, 0.0000262642, -266.106, 0.0000141288
10, 0.37600, -266.11, 0.0000150193, -266.17, 0.0000248463, -266.137, 0.0000133114
10, 0.37700, -266.141, 0.0000141879, -266.198, 0.0000235049, -266.166, 0.0000125412
10, 0.37800, -266.17, 0.0000134029, -266.224, 0.0000222357, -266.194, 0.0000118154
10, 0.37900, -266.198, 0.0000126615, -266.249, 0.000021035, -266.22, 0.0000111315
10, 0.38000, -266.223, 0.0000119613, -266.272, 0.0000198991, -266.245, 0.0000104871
10, 0.38100, -266.248, 0.0000113001, -266.294, 0.0000188244, -266.268, 9.87988E-6
10, 0.38200, -266.271, 0.0000106756, -266.315, 0.0000178077, -266.29, 9.30771E-6
10, 0.38300, -266.293, 0.0000100858, -266.335, 0.0000168458, -266.311, 8.76857E-6
10, 0.38400, -266.314, 9.5288E-6, -266.353, 0.0000159358, -266.331, 8.26056E-6
10, 0.38500, -266.333, 9.0027E-6, -266.371, 0.0000150749, -266.35, 7.78188E-6
10, 0.38600, -266.351, 8.50579E-6, -266.387, 0.0000142605, -266.367, 7.33083E-6
10, 0.38700, -266.369, -0.0000228373, -266.4, 0.000107554, -266.384, 1.75105E-6
10, 0.38800, -266.385, -0.0000142166, -266.408, 0.0000411526, -266.397, 0.0000964847
10, 0.38900, -266.398, 0.00008879, -266.414, 0.0000331164, -266.405, 0.000029437
10, 0.39000, -266.407, 0.0000574725, -266.419, 0.0000248955, -266.411, 0.0000228276
10, 0.39100, -266.413, 0.0000409557, -266.422, 0.0000190357, -266.415, 0.0000161201
10, 0.39200, -266.417, 0.0000290697, -266.424, 0.0000147952, -266.418, 0.0000115757
10, 0.39300, -266.419, 0.0000207777, -266.425, 0.0000116748, -266.42, 8.41421E-6
10, 0.39400, -266.421, -7.06656E-6, -266.426, 0.0000698446, -266.422, 2.545E-6
10, 0.39500, -266.423, -4.65323E-6, -266.427, 0.0000239773, -266.422, 0.0000620953
10, 0.39600, -266.424, 0.0000598572, -266.427, 0.0000191083, -266.423, 0.000015903
10, 0.39700, -266.424, 0.0000383338, -266.427, 0.0000137088, -266.423, 0.0000123077
10, 0.39800, -266.424, 0.0000268857, -266.428, 9.8548E-6, -266.423, 8.34899E-6
10, 0.39900, -266.425, 0.0000186815, -266.428, 7.10915E-6, -266.424, 5.71625E-6
10, 0.40000, -266.425, 0.0000129876, -266.428, 5.11898E-6, -266.424, 3.91374E-6
10, 0.40100, -266.425, 9.02575E-6, -266.428, 3.68259E-6, -266.424, 2.68117E-6
10, 0.40200, -266.425, 6.27061E-6, -266.428, 2.64665E-6, -266.424, 1.83792E-6
10, 0.40300, -266.425, 4.35518E-6, -266.428, 1.90035E-6, -266.424, 1.26071E-6
10, 0.40400, -266.425, 3.02395E-6, -266.428, 1.36327E-6, -266.424, 8.65399E-7
10, 0.40500, -266.425, 2.09901E-6, -266.428, 9.7712E-7, -266.424, 5.94494E-7
10, 0.40600, -266.425, 1.45655E-6, -266.428, 6.99763E-7, -266.424, 4.08727E-7
10, 0.40700, -266.425, 1.01045E-6, -266.428, 5.00728E-7, -266.424, 2.8125E-7
10, 0.40800, -266.425, 7.0077E-7, -266.428, 3.58018E-7, -266.424, 1.93708E-7
10, 0.40900, -266.425, 4.85862E-7, -266.428, 2.55785E-7, -266.424, 1.33543E-7
10, 0.41000, -266.425, 3.36764E-7, -266.428, 1.82606E-7, -266.424, 9.21607E-8
10, 0.41100, -266.425, 2.33355E-7, -266.428, 1.30266E-7, -266.424, 6.36729E-8
10, 0.41200, -266.425, 1.61654E-7, -266.428, 9.28603E-8, -266.424, 4.40388E-8
10, 0.41300, -266.425, 1.11952E-7, -266.428, 6.61467E-8, -266.424, 3.04977E-8
10, 0.41400, -266.425, 7.75107E-8, -266.428, 4.70841E-8, -266.424, 2.11495E-8
10, 0.41500, -266.425, 5.36508E-8, -266.428, 3.34877E-8, -266.424, 1.46862E-8
10, 0.41600, -266.425, 3.71255E-8, -266.428, 2.37988E-8, -266.424, 1.02158E-8
10, 0.41700, -266.425, 2.56818E-8, -266.428, 1.68987E-8, -266.424, 7.12038E-9
10, 0.41800, -266.425, 1.77622E-8, -266.428, 1.19866E-8, -266.424, 4.97219E-9
10, 0.41900, -266.425, 1.22807E-8, -266.428, 8.4935E-9, -266.424, 3.48127E-9
10, 0.42000, -266.425, 8.48864E-9, -266.428, 6.00969E-9, -266.424, 2.4467E-9
10, 0.42100, -266.425, 5.86707E-9, -266.428, 4.2451E-9, -266.424, 1.72398E-9
10, 0.42200, -266.425, 4.05276E-9, -266.428, 2.99467E-9, -266.424, 1.22075E-9
10, 0.42300, -266.425, 2.79959E-9, -266.428, 2.10448E-9, -266.424, 8.73217E-10
10, 0.42400, -266.425, 1.93333E-9, -266.428, 1.47354E-9, -266.424, 6.28133E-10
10, 0.42500, -266.425, 1.33304E-9, -266.428, 1.02757E-9, -266.424, 4.57774E-10
10, 0.42600, -266.425, 9.20716E-10, -266.428, 7.09886E-10, -266.424, 3.36309E-10
10, 0.42700, -266.425, 6.35431E-10, -266.428, 4.86732E-10, -266.424, 2.5316E-10
10, 0.42800, -266.425, 4.37939E-10, -266.428, 3.27695E-10, -266.424, 1.94414E-10
10, 0.42900, -266.425, 3.01694E-10, -266.428, 2.1547E-10, -266.424, 1.5329E-10
10, 0.43000, -266.425, 2.08361E-10, -266.428, 1.34431E-10, -266.424, 1.26354E-10
10, 0.43100, -266.425, 1.44131E-10, -266.428, 7.95699E-11, -266.424, 1.04032E-10
10, 0.43200, -266.425, 9.85901E-11, -266.428, 4.11965E-11, -266.424, 8.87958E-11
10, 0.43300, -266.425, 6.76337E-11, -266.428, 1.22964E-11, -266.424, 8.02829E-11
10, 0.43400, -266.425, 4.70136E-11, -266.428, -7.93079E-12, -266.424, 7.28178E-11
10, 0.43500, -266.425, 3.18614E-11, -266.428, -2.18133E-11, -266.424, 6.81903E-11
10, 0.43600, -266.425, 2.1204E-11, -266.428, -3.05008E-11, -266.424, 6.41885E-11
10, 0.43700, -266.425, 1.51094E-11, -266.428, -3.99014E-11, -266.424, 6.25878E-11
10, 0.43800, -266.425, 1.09576E-11, -266.428, -4.2477E-11, -266.424, 5.80039E-11
10, 0.43900, -266.425, 7.82165E-12, -266.428, -4.80068E-11, -266.424, 5.97647E-11
10, 0.44000, -266.425, 4.84397E-12, -266.428, -4.9331E-11, -266.424, 5.79166E-11
10, 0.44100, -266.425, 3.27691E-12, -266.428, -5.18921E-11, -266.424, 5.74946E-11
10, 0.44200, -266.425, 2.67119E-12, -266.428, -5.28235E-11, -266.424, 5.54137E-11
10, 0.44300, -266.425, 6.92125E-13, -266.428, -5.38566E-11, -266.424, 5.73054E-11
10, 0.44400, -266.425, 1.32695E-12, -266.428, -5.36966E-11, -266.424, 5.4526E-11
10, 0.44500, -266.425, 8.71296E-13, -266.428, -5.39003E-11, -266.424, 5.57629E-11
10, 0.44600, -266.425, 1.09412E-12, -266.428, -5.5079E-11, -266.424, 5.48607E-11
10, 0.44700, -266.425, 1.15142E-12, -266.428, -5.52245E-11, -266.424, 5.46861E-11
10, 0.44800, -266.425, 3.03771E-13, -266.428, -5.40749E-11, -266.424, 5.41477E-11
10, 0.44900, -266.425, 1.45519E-14, -266.428, -5.48462E-11, -266.424, 5.52827E-11
10, 0.45000, -266.425, 2.00089E-14, -266.428, -5.48171E-11, -266.424, 5.55738E-11
10, 0.45100, -266.425, -9.27685E-14, -266.428, -5.40604E-11, -266.424, 5.48607E-11
10, 0.45200, -266.425, -4.91127E-14, -266.428, -5.51518E-11, -266.424, 5.49771E-11
10, 0.45300, -266.425, 9.09495E-15, -266.428, -5.43223E-11, -266.424, 5.36238E-11
10, 0.45400, -266.425, 0, -266.428, -5.51518E-11, -266.424, 5.50499E-11
10, 0.45500, -266.425, 5.54792E-14, -266.428, -5.46279E-11, -266.424, 5.51081E-11
10, 0.45600, -266.425, 2.09184E-14, -266.428, -5.51227E-11, -266.424, 5.5079E-11
10, 0.45700, -266.425, 3.00133E-14, -266.428, -5.50499E-11, -266.424, 5.42495E-11
10, 0.45800, -266.425, 2.72848E-15, -266.428, -5.51227E-11, -266.424, 5.50499E-11
10, 0.45900, -266.425, -5.92991E-13, -266.428, -5.4526E-11, -266.424, 5.49335E-11
10, 0.46000, -266.425, -6.26642E-13, -266.428, -5.45551E-11, -266.424, 5.47298E-11
10, 0.46100, -266.425, 3.49246E-13, -266.428, -5.51663E-11, -266.424, 5.64032E-11
10, 0.46200, -266.425, 1.70076E-13, -266.428, -5.46715E-11, -266.424, 5.51081E-11
10, 0.46300, -266.425, 3.54703E-13, -266.428, -5.49189E-11, -266.424, 5.4235E-11
10, 0.46400, -266.425, 4.502E-13, -266.428, -5.56756E-11, -266.424, 5.58357E-11
10, 0.46500, -266.425, -7.51243E-13, -266.428, -5.48462E-11, -266.424, 5.57629E-11
10, 0.46600, -266.425, -5.63887E-13, -266.428, -5.48753E-11, -266.424, 5.42641E-11
10, 0.46700, -266.425, 9.09495E-16, -266.428, -5.50353E-11, -266.424, 5.51227E-11
10, 0.46800, -266.425, -2.42835E-13, -266.428, -5.37693E-11, -266.424, 5.48753E-11
10, 0.46900, -266.425, -9.09495E-14, -266.428, -5.59958E-11, -266.424, 5.5923E-11
10, 0.47000, -266.425, -7.50333E-13, -266.428, -5.49917E-11, -266.424, 5.51954E-11
